﻿<process name="Trying Out CSV" version="1.0" bpversion="6.3.0.6190" narrative="" byrefcollection="true" preferredid="48091c61-693a-4fde-8ade-999af411d529">
  <view>
    <camerax>0</camerax>
    <cameray>21</cameray>
    <zoom version="2">1.25</zoom>
  </view>
  <preconditions />
  <endpoint narrative="" />
  <stage stageid="c2743697-d82a-4804-9742-037887dc0a73" name="Start" type="Start">
    <narrative>
    </narrative>
    <displayx>-45</displayx>
    <displayy>-135</displayy>
    <displaywidth>60</displaywidth>
    <displayheight>30</displayheight>
    <font family="Segoe UI" size="10" style="Regular" color="000000" />
    <onsuccess>ed4119d2-0716-47e5-8fb1-211cfe5f3a04</onsuccess>
  </stage>
  <stage stageid="4cae90d1-1a51-43d4-aa7d-b8eff0d00171" name="End" type="End">
    <narrative>
    </narrative>
    <displayx>-45</displayx>
    <displayy>0</displayy>
    <displaywidth>60</displaywidth>
    <displayheight>30</displayheight>
    <font family="Segoe UI" size="10" style="Regular" color="000000" />
  </stage>
  <stage stageid="fecc38b8-658c-4b4c-a92c-80b145237aee" name="Stage1" type="ProcessInfo">
    <narrative>
    </narrative>
    <displayx>-195</displayx>
    <displayy>-120</displayy>
    <displaywidth>150</displaywidth>
    <displayheight>60</displayheight>
    <font family="Segoe UI" size="10" style="Regular" color="000000" />
  </stage>
  <stage stageid="cdfed36a-ffe9-4020-96d7-50b734d4d51b" name="Locals" type="Block">
    <narrative>
    </narrative>
    <displayx>-270</displayx>
    <displayy>-75</displayy>
    <displaywidth>150</displaywidth>
    <displayheight>90</displayheight>
    <font family="Segoe UI" size="10" style="Regular" color="7FB2E5" />
  </stage>
  <stage stageid="8a1ff549-5a23-4dad-9b85-ac289487f7fa" name="Favorite Books" type="Collection">
    <narrative>
    </narrative>
    <displayx>-225</displayx>
    <displayy>-45</displayy>
    <displaywidth>60</displaywidth>
    <displayheight>30</displayheight>
    <font family="Segoe UI" size="10" style="Regular" color="000000" />
    <datatype>collection</datatype>
    <private />
    <alwaysinit />
    <collectioninfo>
      <field name="ID" type="number" />
      <field name="Title" type="text" />
    </collectioninfo>
    <initialvalue>
      <row>
        <field name="ID" type="number" value="1" />
        <field name="Title" type="text" value="Don't be Horrid Henry" />
      </row>
      <row>
        <field name="ID" type="number" value="2" />
        <field name="Title" type="text" value="Horrid Henry and the Fangmangler" />
      </row>
    </initialvalue>
  </stage>
  <stage stageid="ed4119d2-0716-47e5-8fb1-211cfe5f3a04" name="Get list as CSV" type="Action">
    <narrative>
    </narrative>
    <displayx>-45</displayx>
    <displayy>-90</displayy>
    <displaywidth>60</displaywidth>
    <displayheight>30</displayheight>
    <font family="Segoe UI" size="10" style="Regular" color="000000" />
    <inputs>
      <input type="collection" name="Input Collection" narrative="The collection to be converted to CSV" expr="[Favorite Books]" />
    </inputs>
    <outputs>
      <output type="text" name="Collection CSV" narrative="The CSV representation of the Input Collection" stage="Collection CSV" />
    </outputs>
    <onsuccess>3dd099e6-bd78-4b0a-8f55-99d0b18885d4</onsuccess>
    <resource object="Utility - Strings" action="Get Collection as CSV" />
  </stage>
  <stage stageid="5205933d-fbf9-417f-ac62-10b689c9c73c" name="Collection CSV" type="Data">
    <narrative>
    </narrative>
    <displayx>-165</displayx>
    <displayy>-45</displayy>
    <displaywidth>60</displaywidth>
    <displayheight>30</displayheight>
    <font family="Segoe UI" size="10" style="Regular" color="000000" />
    <datatype>text</datatype>
    <initialvalue />
    <private />
    <alwaysinit />
  </stage>
  <stage stageid="3dd099e6-bd78-4b0a-8f55-99d0b18885d4" name="Convert CSV back to collection" type="Action">
    <narrative>
    </narrative>
    <displayx>-45</displayx>
    <displayy>-45</displayy>
    <displaywidth>60</displaywidth>
    <displayheight>30</displayheight>
    <font family="Segoe UI" size="10" style="Regular" color="000000" />
    <inputs>
      <input type="text" name="CSV" narrative="The CSV to be converted into a collection" expr="[Collection CSV]" />
      <input type="flag" name="First Row Is Header" narrative="Indicates whether the first row of the CSV file should be treated as headers" expr="True" />
      <input type="collection" name="Schema" narrative="Optional. A collection of column names. If left blank the column names will be taken from the first row. " expr="" />
    </inputs>
    <outputs>
      <output type="collection" name="Output Collection" narrative="The collection converted from CSV" stage="Output Collection" />
    </outputs>
    <onsuccess>4cae90d1-1a51-43d4-aa7d-b8eff0d00171</onsuccess>
    <resource object="Utility - Strings" action="Get CSV As Collection" />
  </stage>
  <stage stageid="395115ae-e150-4c70-8bc6-5bda5d607cc2" name="Output Collection" type="Collection">
    <narrative>
    </narrative>
    <displayx>-225</displayx>
    <displayy>-15</displayy>
    <displaywidth>60</displaywidth>
    <displayheight>30</displayheight>
    <font family="Segoe UI" size="10" style="Regular" color="000000" />
    <datatype>collection</datatype>
    <private />
    <alwaysinit />
  </stage>
</process>