﻿<process name="Receive Email" version="1.0" bpversion="6.3.0.6190" narrative="" byrefcollection="true" preferredid="bbd17565-dcb4-422c-9e63-f6d3f1569e76">
  <view>
    <camerax>-8</camerax>
    <cameray>0</cameray>
    <zoom version="2">1.25</zoom>
  </view>
  <preconditions />
  <endpoint narrative="" />
  <stage stageid="a76736d8-8c6a-4d78-a971-de4472b50e71" name="Start" type="Start">
    <narrative>
    </narrative>
    <displayx>15</displayx>
    <displayy>-105</displayy>
    <displaywidth>60</displaywidth>
    <displayheight>30</displayheight>
    <font family="Segoe UI" size="10" style="Regular" color="000000" />
    <onsuccess>26ca3aba-2b18-49fd-a03a-a9e2545a4aa7</onsuccess>
  </stage>
  <stage stageid="239eb5af-21ad-4c44-8e04-96deda744efa" name="End" type="End">
    <narrative>
    </narrative>
    <displayx>15</displayx>
    <displayy>-15</displayy>
    <displaywidth>60</displaywidth>
    <displayheight>30</displayheight>
    <font family="Segoe UI" size="10" style="Regular" color="000000" />
  </stage>
  <stage stageid="85a21c81-2678-4af6-bd8c-5aaeb0c97111" name="Stage1" type="ProcessInfo">
    <narrative>
    </narrative>
    <displayx>-135</displayx>
    <displayy>-90</displayy>
    <displaywidth>150</displaywidth>
    <displayheight>60</displayheight>
    <font family="Segoe UI" size="10" style="Regular" color="000000" />
  </stage>
  <stage stageid="2ab986d0-55a6-4731-9efb-b53126d06e3b" name="Items" type="Collection">
    <narrative>
    </narrative>
    <displayx>-180</displayx>
    <displayy>-15</displayy>
    <displaywidth>60</displaywidth>
    <displayheight>30</displayheight>
    <font family="Segoe UI" size="10" style="Regular" color="000000" />
    <datatype>collection</datatype>
    <private />
    <alwaysinit />
    <collectioninfo>
      <field name="EntryID" type="text" description="The mail ID. NB this is different from the Mapiex ID." />
      <field name="To" type="text" description="The display name of the recipient(s)" />
      <field name="CC" type="text" description="The display name of the copied recipient(s)" />
      <field name="Subject" type="text" description="The mail subject line" />
      <field name="Body" type="text" description="The mail message" />
      <field name="Attachments" type="text" description="The names of the attachements as a CSV string" />
      <field name="ReceivedOn" type="datetime" description="The date an incoming mail was received" />
      <field name="SentOn" type="datetime" description="The date an outgoing mail was sent" />
      <field name="SenderName" type="text" description="The display name of the sender" />
      <field name="SenderEmailAddress" type="text" description="The email of the sender" />
      <field name="Unread" type="flag" description="True if an incoming mail has not been read, otherwise False" />
    </collectioninfo>
  </stage>
  <stage stageid="5ecc9932-8337-4ed4-a66e-82e3a8b3f3e0" name="Item Count" type="Data">
    <narrative>
    </narrative>
    <displayx>-120</displayx>
    <displayy>-15</displayy>
    <displaywidth>60</displaywidth>
    <displayheight>30</displayheight>
    <font family="Segoe UI" size="10" style="Regular" color="000000" />
    <datatype>number</datatype>
    <initialvalue />
    <private />
    <alwaysinit />
  </stage>
  <stage stageid="14650c59-e468-49b4-8fe3-72760348b1cf" name="Locals" type="Block">
    <narrative>
    </narrative>
    <displayx>-210</displayx>
    <displayy>-45</displayy>
    <displaywidth>150</displaywidth>
    <displayheight>60</displayheight>
    <font family="Segoe UI" size="10" style="Regular" color="7FB2E5" />
  </stage>
  <stage stageid="bb93999e-ff46-4c70-98a7-9d7f18b9eb3c" name="Search for emails - Basic" type="Action">
    <narrative>
    </narrative>
    <displayx>90</displayx>
    <displayy>-60</displayy>
    <displaywidth>60</displaywidth>
    <displayheight>30</displayheight>
    <font family="Segoe UI" size="10" style="Regular" color="000000" />
    <inputs>
      <input type="text" name="Sub Folder" narrative="Optional. Any alphanumeric value valid. The Subfolder in the Inbox, eg. Subfolder A needs to be declared as &quot;Subfolder A&quot;. A Nested Subfolder eg. Subfolder B in Subfolder A, needs to be declared as &quot;Subfolder A\Subfolder B&quot;." expr="" />
      <input type="text" name="Sender Name" narrative="Optional. The From display name, which might be a name (eg John Smith) or email address (eg admin@client.com). Asterisk wildcard permitted, eg *John Smith* for any mail where the text 'John Smith' appears in the From field." expr="" />
      <input type="text" name="Sender Email" narrative="Optional. The sender email address." expr="" />
      <input type="datetime" name="Received Earliest" narrative="Optional. The earliest date to search from." expr="Today()" />
      <input type="datetime" name="Received Latest" narrative="Optional. The latest date to search to." expr="" />
      <input type="text" name="Subject" narrative="Optional. Asterisk wildcard permitted, eg *Project Update for 'Project Update', 'RE: Project Update' etc." expr="&quot;Your items have been added to the cart&quot;" />
      <input type="text" name="Message" narrative="Optional. Asterisk wildcard permitted, eg *Blue Prism*" expr="" />
      <input type="flag" name="Include Read" narrative="Optional, default True" expr="" />
      <input type="flag" name="Include Unread" narrative="Optional, default True" expr="" />
    </inputs>
    <outputs>
      <output type="collection" name="Items" narrative="Details of items matching the filter" stage="Items" />
      <output type="number" name="Item Count" narrative="Number of items matching the filter" stage="Item Count" />
    </outputs>
    <resource object="MS Outlook Email VBO" action="Get Received Items (Basic)" />
  </stage>
  <stage stageid="eeba2b42-916a-4517-b331-dda998c6c839" name="Search for emails - Advanced" type="Action">
    <narrative>
    </narrative>
    <displayx>165</displayx>
    <displayy>-60</displayy>
    <displaywidth>60</displaywidth>
    <displayheight>30</displayheight>
    <font family="Segoe UI" size="10" style="Regular" color="000000" />
    <inputs>
      <input type="text" name="Sub Folder" narrative="Optional. Any alphanumeric value valid. The Subfolder in the Inbox, eg. Subfolder A needs to be declared as &quot;Subfolder A&quot;. A Nested Subfolder eg. Subfolder B in Subfolder A, needs to be declared as &quot;Subfolder A\Subfolder B&quot;." expr="" />
      <input type="text" name="Filter Expression" narrative="Mandatory. A MAPI filter, eg [From]='Mike Colleague' AND [unread] = True" expr="&quot;[subject] = 'Your Items have been added to the cart' And [SentOn]&gt;='&quot; &amp; Today() &amp; &quot;'&quot;" />
    </inputs>
    <outputs>
      <output type="collection" name="Items" narrative="Details of items matching the filter" stage="Items" />
      <output type="number" name="Item Count" narrative="Number of items matching the filter" stage="Item Count" />
    </outputs>
    <resource object="MS Outlook Email VBO" action="Get Received Items (Advanced)" />
  </stage>
  <stage stageid="26ca3aba-2b18-49fd-a03a-a9e2545a4aa7" name="Search for emails - Expert" type="Action">
    <narrative>
    </narrative>
    <displayx>15</displayx>
    <displayy>-60</displayy>
    <displaywidth>60</displaywidth>
    <displayheight>30</displayheight>
    <font family="Segoe UI" size="10" style="Regular" color="000000" />
    <inputs>
      <input type="text" name="Sub Folder" narrative="Optional. Any alphanumeric value valid. The Subfolder in the Inbox, eg. Subfolder A needs to be declared as &quot;Subfolder A&quot;. A Nested Subfolder eg. Subfolder B in Subfolder A, needs to be declared as &quot;Subfolder A\Subfolder B&quot;." expr="" />
      <input type="text" name="DASL Query" narrative="Mandatory. A filter using a DASL query, eg @SQL=urn:schemas:httpmail:fromname='Mike Colleague' AND (urn:schemas:httpmail:subject LIKE '%Important%' OR urn:schemas:httpmail:subject LIKE '%Urgent%')" expr="&quot;@SQL=(&quot;&quot;http://schemas.microsoft.com/mapi/proptag/0x0037001f&quot;&quot; LIKE '%Your Items have been added to the cart%' AND %today(&quot;&quot;urn:schemas:httpmail:datereceived&quot;&quot;)%)&quot;" />
    </inputs>
    <outputs>
      <output type="collection" name="Items" narrative="Details of items matching the filter" stage="Items" />
      <output type="number" name="Item Count" narrative="Number of items matching the filter" stage="Item Count" />
    </outputs>
    <onsuccess>239eb5af-21ad-4c44-8e04-96deda744efa</onsuccess>
    <resource object="MS Outlook Email VBO" action="Get Received Items (Expert)" />
  </stage>
</process>