﻿<process name="Weekly purchase of groceries" version="1.0" bpversion="6.3.0.6190" narrative="Visits Amazon to add the items that we need to the shopping cart." byrefcollection="true" preferredid="6c38567d-e823-4555-a4fc-8fb282406a8b">
  <view>
    <camerax>0</camerax>
    <cameray>-25</cameray>
    <zoom version="2">1.25</zoom>
  </view>
  <preconditions />
  <endpoint narrative="" />
  <subsheet subsheetid="f0cc1754-8fa6-4e03-8e70-7bab2d25d1ae" type="Normal" published="False">
    <name>Get List of items to purchase</name>
    <view>
      <camerax>0</camerax>
      <cameray>21</cameray>
      <zoom version="2">1.25</zoom>
    </view>
  </subsheet>
  <subsheet subsheetid="f0eca982-6110-457f-b0c7-c239185b7064" type="Normal" published="False">
    <name>Search and Add Item to Cart</name>
    <view>
      <camerax>140</camerax>
      <cameray>108</cameray>
      <zoom version="2">1.25</zoom>
    </view>
  </subsheet>
  <subsheet subsheetid="59265115-3716-4c72-89d1-754b791d9c7d" type="Normal" published="False">
    <name>Send Email Notification</name>
    <view>
      <camerax>0</camerax>
      <cameray>-37</cameray>
      <zoom version="2">1.25</zoom>
    </view>
  </subsheet>
  <subsheet subsheetid="278ecf26-2a9b-4659-a04f-158cbc6fc963" type="Normal" published="False">
    <name>Update Status</name>
    <view>
      <camerax>0</camerax>
      <cameray>0</cameray>
      <zoom version="2">1.25</zoom>
    </view>
  </subsheet>
  <stage stageid="44d54158-400c-471c-a9e0-1ab70a499933" name="Start" type="Start">
    <narrative>
    </narrative>
    <displayx>15</displayx>
    <displayy>-135</displayy>
    <displaywidth>60</displaywidth>
    <displayheight>30</displayheight>
    <font family="Segoe UI" size="10" style="Regular" color="000000" />
    <onsuccess>a42ca2a6-e47e-49e0-8dd3-f0852eadf45b</onsuccess>
  </stage>
  <stage stageid="3ba68629-acc9-4783-b9c6-7be79694898a" name="End" type="End">
    <narrative>
    </narrative>
    <displayx>15</displayx>
    <displayy>45</displayy>
    <displaywidth>60</displaywidth>
    <displayheight>30</displayheight>
    <font family="Segoe UI" size="10" style="Regular" color="000000" />
  </stage>
  <stage stageid="17bb0358-2fb1-44e5-858c-6289398cea7d" name="Stage1" type="ProcessInfo">
    <narrative>
    </narrative>
    <displayx>-195</displayx>
    <displayy>-105</displayy>
    <displaywidth>150</displaywidth>
    <displayheight>90</displayheight>
    <font family="Segoe UI" size="10" style="Regular" color="000000" />
  </stage>
  <stage stageid="efb94d37-535e-42c1-ba85-9c7818a8d237" name="Get List of items to purchase" type="SubSheetInfo">
    <subsheetid>f0cc1754-8fa6-4e03-8e70-7bab2d25d1ae</subsheetid>
    <narrative>
    </narrative>
    <displayx>-195</displayx>
    <displayy>-105</displayy>
    <displaywidth>150</displaywidth>
    <displayheight>90</displayheight>
    <font family="Segoe UI" size="10" style="Regular" color="000000" />
  </stage>
  <stage stageid="b41d71c5-6778-45b7-8dee-afc6ed9ff7dd" name="Start" type="Start">
    <subsheetid>f0cc1754-8fa6-4e03-8e70-7bab2d25d1ae</subsheetid>
    <narrative>
    </narrative>
    <displayx>-45</displayx>
    <displayy>-135</displayy>
    <displaywidth>60</displaywidth>
    <displayheight>30</displayheight>
    <font family="Segoe UI" size="10" style="Regular" color="000000" />
    <onsuccess>94f99caa-72b0-42d0-8fc9-26705f672010</onsuccess>
  </stage>
  <stage stageid="d7d4f499-d5f8-4d45-b7e3-a0cf813059af" name="End" type="End">
    <subsheetid>f0cc1754-8fa6-4e03-8e70-7bab2d25d1ae</subsheetid>
    <narrative>
    </narrative>
    <displayx>-45</displayx>
    <displayy>135</displayy>
    <displaywidth>60</displaywidth>
    <displayheight>30</displayheight>
    <font family="Segoe UI" size="10" style="Regular" color="000000" />
    <outputs>
      <output type="collection" name="Output - List of Items to Purchase" narrative="Output collection that stores the list of items to purchase" stage="Output - List of Items to Purchase" />
    </outputs>
  </stage>
  <stage stageid="a42ca2a6-e47e-49e0-8dd3-f0852eadf45b" name="Get List of items to purchase" type="SubSheet">
    <narrative>
    </narrative>
    <displayx>15</displayx>
    <displayy>-90</displayy>
    <displaywidth>60</displaywidth>
    <displayheight>30</displayheight>
    <font family="Segoe UI" size="10" style="Regular" color="000000" />
    <outputs>
      <output type="collection" name="Output - List of Items to Purchase" narrative="Output collection that stores the list of items to purchase" stage="List of Items to Purchase" />
    </outputs>
    <onsuccess>1f1d8c6f-afe8-4760-b5d2-bc3777effe39</onsuccess>
    <processid>f0cc1754-8fa6-4e03-8e70-7bab2d25d1ae</processid>
  </stage>
  <stage stageid="37c4ebf8-5ef8-4a51-a3cd-23c473e6d9f4" name="Search and Add Item to Cart" type="SubSheetInfo">
    <subsheetid>f0eca982-6110-457f-b0c7-c239185b7064</subsheetid>
    <narrative>
    </narrative>
    <displayx>-195</displayx>
    <displayy>-105</displayy>
    <displaywidth>150</displaywidth>
    <displayheight>90</displayheight>
    <font family="Segoe UI" size="10" style="Regular" color="000000" />
  </stage>
  <stage stageid="03212360-8391-49f9-950c-fe563e282581" name="Start" type="Start">
    <subsheetid>f0eca982-6110-457f-b0c7-c239185b7064</subsheetid>
    <narrative>
    </narrative>
    <displayx>15</displayx>
    <displayy>-135</displayy>
    <displaywidth>60</displaywidth>
    <displayheight>30</displayheight>
    <font family="Segoe UI" size="10" style="Regular" color="000000" />
    <inputs>
      <input type="collection" name="Input - List of Items to Purchase" narrative="Input collection that stores the list of items to purchase" stage="Input - List of Items to Purchase" />
    </inputs>
    <onsuccess>33b01cab-293b-41c4-a6ae-58a8961e5fa6</onsuccess>
  </stage>
  <stage stageid="5ef2dad4-5ea7-401a-943f-27d0d612cc94" name="End" type="End">
    <subsheetid>f0eca982-6110-457f-b0c7-c239185b7064</subsheetid>
    <narrative>
    </narrative>
    <displayx>15</displayx>
    <displayy>315</displayy>
    <displaywidth>60</displaywidth>
    <displayheight>30</displayheight>
    <font family="Segoe UI" size="10" style="Regular" color="000000" />
  </stage>
  <stage stageid="1f1d8c6f-afe8-4760-b5d2-bc3777effe39" name="Search and Add Item to Cart" type="SubSheet">
    <narrative>
    </narrative>
    <displayx>15</displayx>
    <displayy>-45</displayy>
    <displaywidth>60</displaywidth>
    <displayheight>30</displayheight>
    <font family="Segoe UI" size="10" style="Regular" color="000000" />
    <inputs>
      <input type="collection" name="Input - List of Items to Purchase" narrative="Input collection that stores the list of items to purchase" expr="[List of Items to Purchase]" />
    </inputs>
    <onsuccess>668d7d23-b017-4b4e-a0a0-5e1e7fed917e</onsuccess>
    <processid>f0eca982-6110-457f-b0c7-c239185b7064</processid>
  </stage>
  <stage stageid="3c460cf7-0f12-4d8a-9409-0ac18930bad4" name="Send Email Notification" type="SubSheetInfo">
    <subsheetid>59265115-3716-4c72-89d1-754b791d9c7d</subsheetid>
    <narrative>
    </narrative>
    <displayx>-195</displayx>
    <displayy>-150</displayy>
    <displaywidth>210</displaywidth>
    <displayheight>90</displayheight>
    <font family="Segoe UI" size="10" style="Regular" color="000000" />
  </stage>
  <stage stageid="c0efad0f-44fa-45f5-9fed-3e202dcb2551" name="Start" type="Start">
    <subsheetid>59265115-3716-4c72-89d1-754b791d9c7d</subsheetid>
    <narrative>
    </narrative>
    <displayx>15</displayx>
    <displayy>-180</displayy>
    <displaywidth>60</displaywidth>
    <displayheight>30</displayheight>
    <font family="Segoe UI" size="10" style="Regular" color="000000" />
    <onsuccess>957e023a-8397-4838-aed1-0455b62380c5</onsuccess>
  </stage>
  <stage stageid="54ece7c9-44cb-43fa-ac3e-87b3920d63b7" name="End" type="End">
    <subsheetid>59265115-3716-4c72-89d1-754b791d9c7d</subsheetid>
    <narrative>
    </narrative>
    <displayx>150</displayx>
    <displayy>165</displayy>
    <displaywidth>60</displaywidth>
    <displayheight>30</displayheight>
    <font family="Segoe UI" size="10" style="Regular" color="000000" />
  </stage>
  <stage stageid="668d7d23-b017-4b4e-a0a0-5e1e7fed917e" name="Send Email Notification" type="SubSheet">
    <narrative>
    </narrative>
    <displayx>15</displayx>
    <displayy>0</displayy>
    <displaywidth>60</displaywidth>
    <displayheight>30</displayheight>
    <font family="Segoe UI" size="10" style="Regular" color="000000" />
    <onsuccess>3ba68629-acc9-4783-b9c6-7be79694898a</onsuccess>
    <processid>59265115-3716-4c72-89d1-754b791d9c7d</processid>
  </stage>
  <stage stageid="6ccf1808-7480-46dd-85c9-8a7dc0d078ec" name="Output - List of Items to Purchase" type="Collection">
    <subsheetid>f0cc1754-8fa6-4e03-8e70-7bab2d25d1ae</subsheetid>
    <narrative>
    </narrative>
    <displayx>-225</displayx>
    <displayy>0</displayy>
    <displaywidth>60</displaywidth>
    <displayheight>30</displayheight>
    <font family="Segoe UI" size="10" style="Regular" color="000000" />
    <datatype>collection</datatype>
    <private />
    <alwaysinit />
  </stage>
  <stage stageid="ff712186-9b36-4084-9a14-ff23fece386d" name="Input - List of Items to Purchase" type="Collection">
    <subsheetid>f0eca982-6110-457f-b0c7-c239185b7064</subsheetid>
    <narrative>
    </narrative>
    <displayx>-225</displayx>
    <displayy>-15</displayy>
    <displaywidth>60</displaywidth>
    <displayheight>30</displayheight>
    <font family="Segoe UI" size="10" style="Regular" color="000000" />
    <datatype>collection</datatype>
    <private />
    <alwaysinit />
  </stage>
  <stage stageid="4cc672eb-8366-40d3-ab7b-9515e1598729" name="List of Items to Purchase" type="Collection">
    <narrative>
    </narrative>
    <displayx>90</displayx>
    <displayy>-90</displayy>
    <displaywidth>60</displaywidth>
    <displayheight>30</displayheight>
    <font family="Segoe UI" size="10" style="Regular" color="000000" />
    <datatype>collection</datatype>
    <private />
    <alwaysinit />
  </stage>
  <stage stageid="acf1efab-ef86-4194-9399-5819c588739e" name="Outputs" type="Block">
    <subsheetid>f0cc1754-8fa6-4e03-8e70-7bab2d25d1ae</subsheetid>
    <narrative>
    </narrative>
    <displayx>-270</displayx>
    <displayy>-45</displayy>
    <displaywidth>150</displaywidth>
    <displayheight>75</displayheight>
    <font family="Segoe UI" size="10" style="Regular" color="7FB2E5" />
  </stage>
  <stage stageid="6089be8d-cfe6-407f-8646-a90888b2f468" name="Globals" type="Block">
    <narrative>
    </narrative>
    <displayx>-270</displayx>
    <displayy>-45</displayy>
    <displaywidth>150</displaywidth>
    <displayheight>75</displayheight>
    <font family="Segoe UI" size="10" style="Regular" color="7FB2E5" />
  </stage>
  <stage stageid="6844f1ff-dfc0-4c44-9350-3273ea139b18" name="Shopping List Excel File Path" type="Data">
    <narrative>
    </narrative>
    <displayx>-225</displayx>
    <displayy>-15</displayy>
    <displaywidth>60</displaywidth>
    <displayheight>30</displayheight>
    <font family="Segoe UI" size="10" style="Regular" color="000000" />
    <datatype>text</datatype>
    <initialvalue xml:space="preserve">c:\shopping\ShoppingList_Henry.xlsx</initialvalue>
    <alwaysinit />
  </stage>
  <stage stageid="93091e8f-254c-4a58-8fca-98cd095934c8" name="Inputs" type="Block">
    <subsheetid>f0eca982-6110-457f-b0c7-c239185b7064</subsheetid>
    <narrative>
    </narrative>
    <displayx>-270</displayx>
    <displayy>-45</displayy>
    <displaywidth>150</displaywidth>
    <displayheight>90</displayheight>
    <font family="Segoe UI" size="10" style="Regular" color="7FB2E5" />
  </stage>
  <stage stageid="1f2b0c36-b1ac-40f3-b8d7-50133df74b3b" name="Loop Input - List of Items to Purchase" type="LoopStart">
    <subsheetid>f0eca982-6110-457f-b0c7-c239185b7064</subsheetid>
    <narrative>
    </narrative>
    <displayx>15</displayx>
    <displayy>0</displayy>
    <displaywidth>60</displaywidth>
    <displayheight>30</displayheight>
    <font family="Segoe UI" size="10" style="Regular" color="000000" />
    <onsuccess>8bfe3a4b-da71-4c4e-a0d5-d18f64955510</onsuccess>
    <groupid>7ad809d0-67e6-4c4c-857b-8828403275fc</groupid>
    <looptype>ForEach</looptype>
    <loopdata>Input - List of Items to Purchase</loopdata>
  </stage>
  <stage stageid="c5ef1b54-3459-4b50-9a3c-ec719d97c642" name="Loop Input - List of Items to Purchase" type="LoopEnd">
    <subsheetid>f0eca982-6110-457f-b0c7-c239185b7064</subsheetid>
    <narrative>
    </narrative>
    <displayx>15</displayx>
    <displayy>270</displayy>
    <displaywidth>60</displaywidth>
    <displayheight>30</displayheight>
    <font family="Segoe UI" size="10" style="Regular" color="000000" />
    <onsuccess>5ef2dad4-5ea7-401a-943f-27d0d612cc94</onsuccess>
    <groupid>7ad809d0-67e6-4c4c-857b-8828403275fc</groupid>
  </stage>
  <stage stageid="33b01cab-293b-41c4-a6ae-58a8961e5fa6" name="Count the number of items to purchase" type="Action">
    <subsheetid>f0eca982-6110-457f-b0c7-c239185b7064</subsheetid>
    <narrative>
    </narrative>
    <displayx>15</displayx>
    <displayy>-90</displayy>
    <displaywidth>60</displaywidth>
    <displayheight>30</displayheight>
    <font family="Segoe UI" size="10" style="Regular" color="000000" />
    <inputs>
      <input type="text" name="Collection Name" narrative="The name of the collection to act upon" expr="&quot;Input - List of Items to Purchase&quot;" />
    </inputs>
    <outputs>
      <output type="number" name="Count" narrative="The number of rows counted in the collection" stage="Number of Items to Purchase" />
    </outputs>
    <onsuccess>f00696a1-6345-4cb4-aff6-863931720e06</onsuccess>
    <resource object="Blueprism.AutomateProcessCore.clsCollectionActions" action="Count Rows" />
  </stage>
  <stage stageid="31efe021-9b16-406b-b9cd-d920e2de3cae" name="Number of Items to Purchase" type="Data">
    <subsheetid>f0eca982-6110-457f-b0c7-c239185b7064</subsheetid>
    <narrative>
    </narrative>
    <displayx>-225</displayx>
    <displayy>105</displayy>
    <displaywidth>60</displaywidth>
    <displayheight>30</displayheight>
    <font family="Segoe UI" size="10" style="Regular" color="000000" />
    <datatype>number</datatype>
    <initialvalue />
    <private />
    <alwaysinit />
  </stage>
  <stage stageid="6763fbea-f9df-406a-ad4c-9ad504b6f9fd" name="Locals" type="Block">
    <subsheetid>f0eca982-6110-457f-b0c7-c239185b7064</subsheetid>
    <narrative>
    </narrative>
    <displayx>-270</displayx>
    <displayy>60</displayy>
    <displaywidth>150</displaywidth>
    <displayheight>120</displayheight>
    <font family="Segoe UI" size="10" style="Regular" color="7FB2E5" />
  </stage>
  <stage stageid="f00696a1-6345-4cb4-aff6-863931720e06" name="Is the list empty?" type="Decision">
    <subsheetid>f0eca982-6110-457f-b0c7-c239185b7064</subsheetid>
    <narrative>
    </narrative>
    <displayx>15</displayx>
    <displayy>-45</displayy>
    <displaywidth>60</displaywidth>
    <displayheight>30</displayheight>
    <font family="Segoe UI" size="10" style="Regular" color="000000" />
    <decision expression="[Number of Items to Purchase]=0" />
    <ontrue>b54df2c3-dd7a-4f86-9512-26048902d095</ontrue>
    <onfalse>1f2b0c36-b1ac-40f3-b8d7-50133df74b3b</onfalse>
  </stage>
  <stage stageid="b54df2c3-dd7a-4f86-9512-26048902d095" name="End1" type="End">
    <subsheetid>f0eca982-6110-457f-b0c7-c239185b7064</subsheetid>
    <narrative>
    </narrative>
    <displayx>90</displayx>
    <displayy>-45</displayy>
    <displaywidth>60</displaywidth>
    <displayheight>30</displayheight>
    <font family="Segoe UI" size="10" style="Regular" color="000000" />
  </stage>
  <stage stageid="3d390542-0e9e-4284-8e77-80a4f066d573" name="Locals" type="Block">
    <subsheetid>59265115-3716-4c72-89d1-754b791d9c7d</subsheetid>
    <narrative>
    </narrative>
    <displayx>-300</displayx>
    <displayy>-90</displayy>
    <displaywidth>210</displaywidth>
    <displayheight>150</displayheight>
    <font family="Segoe UI" size="10" style="Regular" color="7FB2E5" />
  </stage>
  <stage stageid="1f61ade3-d3df-415b-ab38-b58fa03bb27d" name="Requester" type="Data">
    <subsheetid>59265115-3716-4c72-89d1-754b791d9c7d</subsheetid>
    <narrative>
    </narrative>
    <displayx>-255</displayx>
    <displayy>-45</displayy>
    <displaywidth>60</displaywidth>
    <displayheight>30</displayheight>
    <font family="Segoe UI" size="10" style="Regular" color="000000" />
    <datatype>text</datatype>
    <initialvalue />
    <private />
    <alwaysinit />
  </stage>
  <stage stageid="a5674559-f878-4d3f-8f75-333590cc6980" name="Email Address" type="Data">
    <subsheetid>59265115-3716-4c72-89d1-754b791d9c7d</subsheetid>
    <narrative>
    </narrative>
    <displayx>-195</displayx>
    <displayy>-45</displayy>
    <displaywidth>60</displaywidth>
    <displayheight>30</displayheight>
    <font family="Segoe UI" size="10" style="Regular" color="000000" />
    <datatype>text</datatype>
    <initialvalue />
    <private />
    <alwaysinit />
  </stage>
  <stage stageid="a9b52fca-9b52-4e76-860e-b6f882da76e4" name="Get Email Address of Requester" type="ChoiceStart">
    <subsheetid>59265115-3716-4c72-89d1-754b791d9c7d</subsheetid>
    <narrative>
    </narrative>
    <displayx>15</displayx>
    <displayy>-45</displayy>
    <displaywidth>60</displaywidth>
    <displayheight>30</displayheight>
    <font family="Segoe UI" size="10" style="Regular" color="000000" />
    <groupid>d5c60b4c-03e4-4ee8-bd41-15b0b26d1404</groupid>
    <choices>
      <choice expression="[Requester]=&quot;Henry&quot;">
        <name>Henry?</name>
        <distance>30</distance>
        <ontrue>401590c5-1cce-4ce3-8431-5d1942e61dee</ontrue>
      </choice>
      <choice expression="[Requester]=&quot;Peter&quot;">
        <name>Peter?</name>
        <distance>60</distance>
        <ontrue>d3ca204a-b8cb-4aad-82b0-3b610b364f2a</ontrue>
      </choice>
      <choice expression="[Requester]=&quot;Margaret&quot;">
        <name>Margaret?</name>
        <distance>90</distance>
        <ontrue>b0707c93-fb3a-4ce5-9c1d-f5de244d806e</ontrue>
      </choice>
    </choices>
  </stage>
  <stage stageid="9c6d8df8-dead-4510-b781-8bb5e149c2f3" name="Otherwise1" type="ChoiceEnd">
    <subsheetid>59265115-3716-4c72-89d1-754b791d9c7d</subsheetid>
    <narrative>
    </narrative>
    <displayx>15</displayx>
    <displayy>75</displayy>
    <displaywidth>60</displaywidth>
    <displayheight>30</displayheight>
    <font family="Segoe UI" size="10" style="Regular" color="000000" />
    <onsuccess>dfe88b24-52ea-42a2-9f12-fe2c5aaed331</onsuccess>
    <groupid>d5c60b4c-03e4-4ee8-bd41-15b0b26d1404</groupid>
  </stage>
  <stage stageid="401590c5-1cce-4ce3-8431-5d1942e61dee" name="Set Email Address" type="Calculation">
    <subsheetid>59265115-3716-4c72-89d1-754b791d9c7d</subsheetid>
    <narrative>
    </narrative>
    <displayx>90</displayx>
    <displayy>-15</displayy>
    <displaywidth>60</displaywidth>
    <displayheight>30</displayheight>
    <font family="Segoe UI" size="10" style="Regular" color="000000" />
    <onsuccess>604ae929-79d3-43c0-a380-43e870c656d3</onsuccess>
    <calculation expression="&quot;meiyinglim@hotmail.com&quot;" stage="Email Address" />
  </stage>
  <stage stageid="d3ca204a-b8cb-4aad-82b0-3b610b364f2a" name="Set Email Address" type="Calculation">
    <subsheetid>59265115-3716-4c72-89d1-754b791d9c7d</subsheetid>
    <narrative>
    </narrative>
    <displayx>90</displayx>
    <displayy>15</displayy>
    <displaywidth>60</displaywidth>
    <displayheight>30</displayheight>
    <font family="Segoe UI" size="10" style="Regular" color="000000" />
    <onsuccess>9947c01b-7df5-4dbb-9326-ca71a7ff988c</onsuccess>
    <calculation expression="&quot;peter@somewhere.com&quot;" stage="Email Address" />
  </stage>
  <stage stageid="b0707c93-fb3a-4ce5-9c1d-f5de244d806e" name="Set Email Address" type="Calculation">
    <subsheetid>59265115-3716-4c72-89d1-754b791d9c7d</subsheetid>
    <narrative>
    </narrative>
    <displayx>90</displayx>
    <displayy>45</displayy>
    <displaywidth>60</displaywidth>
    <displayheight>30</displayheight>
    <font family="Segoe UI" size="10" style="Regular" color="000000" />
    <onsuccess>8314f8c4-1c37-4644-b7a6-2214067f2862</onsuccess>
    <calculation expression="&quot;margaret@somewhere.com&quot;" stage="Email Address" />
  </stage>
  <stage stageid="dfe88b24-52ea-42a2-9f12-fe2c5aaed331" name="Set Email Address" type="Calculation">
    <subsheetid>59265115-3716-4c72-89d1-754b791d9c7d</subsheetid>
    <narrative>
    </narrative>
    <displayx>90</displayx>
    <displayy>75</displayy>
    <displaywidth>60</displaywidth>
    <displayheight>30</displayheight>
    <font family="Segoe UI" size="10" style="Regular" color="000000" />
    <onsuccess>16aa22b5-b4e6-461d-93cf-ec9ba3510d7e</onsuccess>
    <calculation expression="&quot;admin@somewhere.com&quot;" stage="Email Address" />
  </stage>
  <stage stageid="604ae929-79d3-43c0-a380-43e870c656d3" name="Anchor2" type="Anchor">
    <subsheetid>59265115-3716-4c72-89d1-754b791d9c7d</subsheetid>
    <narrative>
    </narrative>
    <displayx>150</displayx>
    <displayy>-15</displayy>
    <displaywidth>10</displaywidth>
    <displayheight>10</displayheight>
    <font family="Segoe UI" size="10" style="Regular" color="000000" />
    <onsuccess>9947c01b-7df5-4dbb-9326-ca71a7ff988c</onsuccess>
  </stage>
  <stage stageid="9947c01b-7df5-4dbb-9326-ca71a7ff988c" name="Anchor3" type="Anchor">
    <subsheetid>59265115-3716-4c72-89d1-754b791d9c7d</subsheetid>
    <narrative>
    </narrative>
    <displayx>150</displayx>
    <displayy>15</displayy>
    <displaywidth>10</displaywidth>
    <displayheight>10</displayheight>
    <font family="Segoe UI" size="10" style="Regular" color="000000" />
    <onsuccess>8314f8c4-1c37-4644-b7a6-2214067f2862</onsuccess>
  </stage>
  <stage stageid="8314f8c4-1c37-4644-b7a6-2214067f2862" name="Anchor4" type="Anchor">
    <subsheetid>59265115-3716-4c72-89d1-754b791d9c7d</subsheetid>
    <narrative>
    </narrative>
    <displayx>150</displayx>
    <displayy>45</displayy>
    <displaywidth>10</displaywidth>
    <displayheight>10</displayheight>
    <font family="Segoe UI" size="10" style="Regular" color="000000" />
    <onsuccess>16aa22b5-b4e6-461d-93cf-ec9ba3510d7e</onsuccess>
  </stage>
  <stage stageid="16aa22b5-b4e6-461d-93cf-ec9ba3510d7e" name="Anchor5" type="Anchor">
    <subsheetid>59265115-3716-4c72-89d1-754b791d9c7d</subsheetid>
    <narrative>
    </narrative>
    <displayx>150</displayx>
    <displayy>75</displayy>
    <displaywidth>10</displaywidth>
    <displayheight>10</displayheight>
    <font family="Segoe UI" size="10" style="Regular" color="000000" />
    <onsuccess>437636ed-a084-47e9-b720-0055b5b17e98</onsuccess>
  </stage>
  <stage stageid="c4c7d559-48ee-41cf-b4a9-882333a2c828" name="Email Template" type="Data">
    <subsheetid>59265115-3716-4c72-89d1-754b791d9c7d</subsheetid>
    <narrative>
    </narrative>
    <displayx>-135</displayx>
    <displayy>-45</displayy>
    <displaywidth>60</displaywidth>
    <displayheight>30</displayheight>
    <font family="Segoe UI" size="10" style="Regular" color="000000" />
    <datatype>text</datatype>
    <initialvalue xml:space="preserve">&lt;html&gt;&lt;body&gt;
&lt;p&gt;Hi &lt;Requester&gt;&lt;/p&gt;
&lt;p&gt;I have completed adding your items to the cart.&lt;/p&gt;
&lt;p&gt;regards&lt;br /&gt;Robot&lt;/p&gt;
&lt;/body&gt;&lt;/html&gt;</initialvalue>
    <private />
    <alwaysinit />
  </stage>
  <stage stageid="f63660c7-e085-4794-9b8c-2edc430edad7" name="Email Message" type="Data">
    <subsheetid>59265115-3716-4c72-89d1-754b791d9c7d</subsheetid>
    <narrative>
    </narrative>
    <displayx>-255</displayx>
    <displayy>0</displayy>
    <displaywidth>60</displaywidth>
    <displayheight>30</displayheight>
    <font family="Segoe UI" size="10" style="Regular" color="000000" />
    <datatype>text</datatype>
    <initialvalue />
    <private />
    <alwaysinit />
  </stage>
  <stage stageid="c839341e-3cc6-4961-b39b-68a8e8366d67" name="Prepare Email" type="Calculation">
    <subsheetid>59265115-3716-4c72-89d1-754b791d9c7d</subsheetid>
    <narrative>
    </narrative>
    <displayx>15</displayx>
    <displayy>-90</displayy>
    <displaywidth>60</displaywidth>
    <displayheight>30</displayheight>
    <font family="Segoe UI" size="10" style="Regular" color="000000" />
    <onsuccess>a9b52fca-9b52-4e76-860e-b6f882da76e4</onsuccess>
    <calculation expression="Replace([Email Template], &quot;&lt;Requester&gt;&quot;, [Requester])" stage="Email Message" />
  </stage>
  <stage stageid="8bfe3a4b-da71-4c4e-a0d5-d18f64955510" name="Launch Amazon" type="Action">
    <subsheetid>f0eca982-6110-457f-b0c7-c239185b7064</subsheetid>
    <narrative>
    </narrative>
    <displayx>15</displayx>
    <displayy>45</displayy>
    <displaywidth>60</displaywidth>
    <displayheight>30</displayheight>
    <font family="Segoe UI" size="10" style="Regular" color="000000" />
    <onsuccess>529cdc90-1f57-4b51-9f8d-f0be3dc0621f</onsuccess>
    <resource object="Amazon – Search" action="Launch" />
  </stage>
  <stage stageid="d7039223-9541-4d32-8a1b-1059f5686d59" name="Close Amazon" type="Action">
    <subsheetid>f0eca982-6110-457f-b0c7-c239185b7064</subsheetid>
    <narrative>
    </narrative>
    <displayx>15</displayx>
    <displayy>90</displayy>
    <displaywidth>60</displaywidth>
    <displayheight>30</displayheight>
    <font family="Segoe UI" size="10" style="Regular" color="000000" />
    <onsuccess>6e75f705-cb9c-415f-836c-2ed0f4f2483a</onsuccess>
    <resource object="Amazon – Search" action="Terminate" />
  </stage>
  <stage stageid="529cdc90-1f57-4b51-9f8d-f0be3dc0621f" name="Search" type="Action">
    <subsheetid>f0eca982-6110-457f-b0c7-c239185b7064</subsheetid>
    <narrative>
    </narrative>
    <displayx>90</displayx>
    <displayy>45</displayy>
    <displaywidth>60</displaywidth>
    <displayheight>30</displayheight>
    <font family="Segoe UI" size="10" style="Regular" color="000000" />
    <inputs>
      <input type="text" name="Keywords" narrative="Keywords used to search for the product to purchase on Amazon's site." expr="[Input - List of Items to Purchase.Item Name]" />
    </inputs>
    <onsuccess>439ff0d8-9299-47c6-962b-978d34913c36</onsuccess>
    <resource object="Amazon – Search" action="Search" />
  </stage>
  <stage stageid="439ff0d8-9299-47c6-962b-978d34913c36" name="Add to Cart" type="Action">
    <subsheetid>f0eca982-6110-457f-b0c7-c239185b7064</subsheetid>
    <narrative>
    </narrative>
    <displayx>90</displayx>
    <displayy>90</displayy>
    <displaywidth>60</displaywidth>
    <displayheight>30</displayheight>
    <font family="Segoe UI" size="10" style="Regular" color="000000" />
    <outputs>
      <output type="flag" name="Success" narrative="Flag to indicate whether the operation was successful." stage="Success" />
    </outputs>
    <onsuccess>d7039223-9541-4d32-8a1b-1059f5686d59</onsuccess>
    <resource object="Amazon – Search" action="Add to Cart" />
  </stage>
  <stage stageid="7e333c02-a517-4c27-a5a1-659ce9ada2e8" name="Success" type="Data">
    <subsheetid>f0eca982-6110-457f-b0c7-c239185b7064</subsheetid>
    <narrative>
    </narrative>
    <displayx>-165</displayx>
    <displayy>105</displayy>
    <displaywidth>60</displaywidth>
    <displayheight>30</displayheight>
    <font family="Segoe UI" size="10" style="Regular" color="000000" />
    <datatype>flag</datatype>
    <initialvalue />
    <private />
    <alwaysinit />
  </stage>
  <stage stageid="94f99caa-72b0-42d0-8fc9-26705f672010" name="Create Excel instance" type="Action">
    <subsheetid>f0cc1754-8fa6-4e03-8e70-7bab2d25d1ae</subsheetid>
    <narrative>
    </narrative>
    <displayx>-45</displayx>
    <displayy>-90</displayy>
    <displaywidth>60</displaywidth>
    <displayheight>30</displayheight>
    <font family="Segoe UI" size="10" style="Regular" color="000000" />
    <inputs>
      <input type="flag" name="Enable Events" narrative="Flag to indicate that events should be enabled / disabled on the attached instance - defaulted to True" expr="" />
    </inputs>
    <outputs>
      <output type="number" name="handle" narrative="An integer which can be used to identify the created instance in subsequent actions" stage="handle" />
    </outputs>
    <onsuccess>a06d41a3-3e02-4651-b304-6f41d547cfbb</onsuccess>
    <resource object="MS Excel VBO" action="Create Instance" />
  </stage>
  <stage stageid="51011f3b-a7e5-4c8b-a656-15b0cde5cf78" name="handle" type="Data">
    <subsheetid>f0cc1754-8fa6-4e03-8e70-7bab2d25d1ae</subsheetid>
    <narrative>
    </narrative>
    <displayx>-225</displayx>
    <displayy>75</displayy>
    <displaywidth>60</displaywidth>
    <displayheight>30</displayheight>
    <font family="Segoe UI" size="10" style="Regular" color="000000" />
    <datatype>number</datatype>
    <initialvalue />
    <private />
    <alwaysinit />
  </stage>
  <stage stageid="a06d41a3-3e02-4651-b304-6f41d547cfbb" name="Show" type="Action">
    <subsheetid>f0cc1754-8fa6-4e03-8e70-7bab2d25d1ae</subsheetid>
    <narrative>
    </narrative>
    <displayx>-45</displayx>
    <displayy>-45</displayy>
    <displaywidth>60</displaywidth>
    <displayheight>30</displayheight>
    <font family="Segoe UI" size="10" style="Regular" color="000000" />
    <inputs>
      <input type="number" name="handle" narrative="The integer handle identifying the instance which should have its window displayed. The default of zero indicates the currently active instance." expr="[handle]" />
    </inputs>
    <onsuccess>ab509b7f-6671-450a-a3ce-ee5fa6a4892f</onsuccess>
    <resource object="MS Excel VBO" action="Show" />
  </stage>
  <stage stageid="e31b75aa-ebf0-4874-9974-2cdd869a3ddd" name="Close instance" type="Action">
    <subsheetid>f0cc1754-8fa6-4e03-8e70-7bab2d25d1ae</subsheetid>
    <narrative>
    </narrative>
    <displayx>-45</displayx>
    <displayy>90</displayy>
    <displaywidth>60</displaywidth>
    <displayheight>30</displayheight>
    <font family="Segoe UI" size="10" style="Regular" color="000000" />
    <inputs>
      <input type="number" name="handle" narrative="The integer handle identifying the instance to be closed. Zero indicates the currently active instance." expr="[handle]" />
      <input type="flag" name="Save Changes" narrative="True to save the changes to the open workbooks on the instance, False to discard any changes. Default is False." expr="False" />
    </inputs>
    <onsuccess>d7d4f499-d5f8-4d45-b7e3-a0cf813059af</onsuccess>
    <resource object="MS Excel VBO" action="Close Instance" />
  </stage>
  <stage stageid="2addad97-ed86-4f3c-8cb8-d4389377a491" name="Locals" type="Block">
    <subsheetid>f0cc1754-8fa6-4e03-8e70-7bab2d25d1ae</subsheetid>
    <narrative>
    </narrative>
    <displayx>-270</displayx>
    <displayy>45</displayy>
    <displaywidth>150</displaywidth>
    <displayheight>60</displayheight>
    <font family="Segoe UI" size="10" style="Regular" color="7FB2E5" />
  </stage>
  <stage stageid="ab509b7f-6671-450a-a3ce-ee5fa6a4892f" name="Open List" type="Action">
    <subsheetid>f0cc1754-8fa6-4e03-8e70-7bab2d25d1ae</subsheetid>
    <narrative>
    </narrative>
    <displayx>-45</displayx>
    <displayy>0</displayy>
    <displaywidth>60</displaywidth>
    <displayheight>30</displayheight>
    <font family="Segoe UI" size="10" style="Regular" color="000000" />
    <inputs>
      <input type="number" name="handle" narrative="The integer handle identifying the instance on which the required workbook should be opened. The default of zero indicates the currently active instance." expr="[handle]" />
      <input type="text" name="File name" narrative="The path and name of the file which should be opened." expr="[Shopping List Excel File Path]" />
    </inputs>
    <outputs>
      <output type="text" name="Workbook Name" narrative="The name used by Excel to identify the workbook - usually this is the file name (without the path)." stage="Workbook Name" />
    </outputs>
    <onsuccess>d35eb788-1855-4d94-8199-a100a5630627</onsuccess>
    <resource object="MS Excel VBO" action="Open Workbook" />
  </stage>
  <stage stageid="3c1de869-e05e-48b7-9bcf-e306a1bfdab5" name="Workbook Name" type="Data">
    <subsheetid>f0cc1754-8fa6-4e03-8e70-7bab2d25d1ae</subsheetid>
    <narrative>
    </narrative>
    <displayx>-165</displayx>
    <displayy>75</displayy>
    <displaywidth>60</displaywidth>
    <displayheight>30</displayheight>
    <font family="Segoe UI" size="10" style="Regular" color="000000" />
    <datatype>text</datatype>
    <initialvalue />
    <private />
    <alwaysinit />
  </stage>
  <stage stageid="d35eb788-1855-4d94-8199-a100a5630627" name="Read worksheet" type="Action">
    <subsheetid>f0cc1754-8fa6-4e03-8e70-7bab2d25d1ae</subsheetid>
    <narrative>
    </narrative>
    <displayx>-45</displayx>
    <displayy>45</displayy>
    <displaywidth>60</displaywidth>
    <displayheight>30</displayheight>
    <font family="Segoe UI" size="10" style="Regular" color="000000" />
    <inputs>
      <input type="number" name="handle" narrative="The integer handle identifying the instance on which the worksheet which should be retrieved resides. The default of zero indicates the currently active instance." expr="[handle]" />
      <input type="text" name="Workbook Name" narrative="The name of the workbook which contains the sheet required. The default empty text indicates the currently active workbook on the specified instance." expr="[Workbook Name]" />
      <input type="text" name="Worksheet Name" narrative="The name of the worksheet within the specified workbook which should be written to a collection. The default empty text indicates the currently active worksheet within the specified workbook." expr="&quot;List&quot;" />
    </inputs>
    <outputs>
      <output type="collection" name="Data" narrative="The collection containing the data from the specified worksheet - the column IDs will be gleaned from the first row on the sheet being retrieved." stage="Output - List of Items to Purchase" />
    </outputs>
    <onsuccess>e31b75aa-ebf0-4874-9974-2cdd869a3ddd</onsuccess>
    <resource object="MS Excel VBO" action="Get Worksheet As Collection" />
  </stage>
  <stage stageid="48607d4a-274d-4ffd-be22-c0a18f198849" name="Update Status" type="SubSheetInfo">
    <subsheetid>278ecf26-2a9b-4659-a04f-158cbc6fc963</subsheetid>
    <narrative>
    </narrative>
    <displayx>-195</displayx>
    <displayy>-105</displayy>
    <displaywidth>150</displaywidth>
    <displayheight>90</displayheight>
    <font family="Segoe UI" size="10" style="Regular" color="000000" />
  </stage>
  <stage stageid="d11f54e7-889c-479e-a352-867df7c99f37" name="Start" type="Start">
    <subsheetid>278ecf26-2a9b-4659-a04f-158cbc6fc963</subsheetid>
    <narrative>
    </narrative>
    <displayx>-30</displayx>
    <displayy>-135</displayy>
    <displaywidth>60</displaywidth>
    <displayheight>30</displayheight>
    <font family="Segoe UI" size="10" style="Regular" color="000000" />
    <inputs>
      <input type="text" name="Status" stage="Status" />
      <input type="number" name="Row Number" stage="Row Number" />
    </inputs>
    <onsuccess>ddf3dfea-3fef-496a-bbf1-5a6878b1d376</onsuccess>
  </stage>
  <stage stageid="f18c3124-adfb-473d-b6a5-10e45cbcfd10" name="End" type="End">
    <subsheetid>278ecf26-2a9b-4659-a04f-158cbc6fc963</subsheetid>
    <narrative>
    </narrative>
    <displayx>-30</displayx>
    <displayy>135</displayy>
    <displaywidth>60</displaywidth>
    <displayheight>30</displayheight>
    <font family="Segoe UI" size="10" style="Regular" color="000000" />
  </stage>
  <stage stageid="1c48c203-aea6-436c-92b9-c0e9cd29c260" name="Status" type="Data">
    <subsheetid>278ecf26-2a9b-4659-a04f-158cbc6fc963</subsheetid>
    <narrative>
    </narrative>
    <displayx>-225</displayx>
    <displayy>0</displayy>
    <displaywidth>60</displaywidth>
    <displayheight>30</displayheight>
    <font family="Segoe UI" size="10" style="Regular" color="000000" />
    <datatype>text</datatype>
    <initialvalue />
    <private />
    <alwaysinit />
  </stage>
  <stage stageid="5a46dcdd-7737-45a1-9c25-39eea4993ad1" name="Row Number" type="Data">
    <subsheetid>278ecf26-2a9b-4659-a04f-158cbc6fc963</subsheetid>
    <narrative>
    </narrative>
    <displayx>-165</displayx>
    <displayy>0</displayy>
    <displaywidth>60</displaywidth>
    <displayheight>30</displayheight>
    <font family="Segoe UI" size="10" style="Regular" color="000000" />
    <datatype>number</datatype>
    <initialvalue />
    <private />
    <alwaysinit />
  </stage>
  <stage stageid="a6d6e341-9761-400c-998a-ec35115dc1aa" name="Inputs" type="Block">
    <subsheetid>278ecf26-2a9b-4659-a04f-158cbc6fc963</subsheetid>
    <narrative>
    </narrative>
    <displayx>-270</displayx>
    <displayy>-45</displayy>
    <displaywidth>150</displaywidth>
    <displayheight>105</displayheight>
    <font family="Segoe UI" size="10" style="Regular" color="7FB2E5" />
  </stage>
  <stage stageid="f9754cba-1b9f-49b8-b02b-ea99557a2bd2" name="handle" type="Data">
    <subsheetid>278ecf26-2a9b-4659-a04f-158cbc6fc963</subsheetid>
    <narrative>
    </narrative>
    <displayx>-225</displayx>
    <displayy>105</displayy>
    <displaywidth>60</displaywidth>
    <displayheight>30</displayheight>
    <font family="Segoe UI" size="10" style="Regular" color="000000" />
    <datatype>number</datatype>
    <initialvalue />
    <private />
    <alwaysinit />
  </stage>
  <stage stageid="c5a44632-8377-4444-9489-efd68f5c7a44" name="Locals" type="Block">
    <subsheetid>278ecf26-2a9b-4659-a04f-158cbc6fc963</subsheetid>
    <narrative>
    </narrative>
    <displayx>-270</displayx>
    <displayy>75</displayy>
    <displaywidth>150</displaywidth>
    <displayheight>60</displayheight>
    <font family="Segoe UI" size="10" style="Regular" color="7FB2E5" />
  </stage>
  <stage stageid="67e9adb9-0b24-4b05-80dc-26710d2f3d49" name="Workbook Name" type="Data">
    <subsheetid>278ecf26-2a9b-4659-a04f-158cbc6fc963</subsheetid>
    <narrative>
    </narrative>
    <displayx>-165</displayx>
    <displayy>105</displayy>
    <displaywidth>60</displaywidth>
    <displayheight>30</displayheight>
    <font family="Segoe UI" size="10" style="Regular" color="000000" />
    <datatype>text</datatype>
    <initialvalue />
    <private />
    <alwaysinit />
  </stage>
  <stage stageid="ddf3dfea-3fef-496a-bbf1-5a6878b1d376" name="Create Excel instance" type="Action">
    <subsheetid>278ecf26-2a9b-4659-a04f-158cbc6fc963</subsheetid>
    <narrative>
    </narrative>
    <displayx>-30</displayx>
    <displayy>-90</displayy>
    <displaywidth>60</displaywidth>
    <displayheight>30</displayheight>
    <font family="Segoe UI" size="10" style="Regular" color="000000" />
    <inputs>
      <input type="flag" name="Enable Events" narrative="Flag to indicate that events should be enabled / disabled on the attached instance - defaulted to True" expr="" />
    </inputs>
    <outputs>
      <output type="number" name="handle" narrative="An integer which can be used to identify the created instance in subsequent actions" stage="handle" />
    </outputs>
    <onsuccess>73404113-58ca-4813-a556-9de718ca57a8</onsuccess>
    <resource object="MS Excel VBO" action="Create Instance" />
  </stage>
  <stage stageid="73404113-58ca-4813-a556-9de718ca57a8" name="Show" type="Action">
    <subsheetid>278ecf26-2a9b-4659-a04f-158cbc6fc963</subsheetid>
    <narrative>
    </narrative>
    <displayx>-30</displayx>
    <displayy>-45</displayy>
    <displaywidth>60</displaywidth>
    <displayheight>30</displayheight>
    <font family="Segoe UI" size="10" style="Regular" color="000000" />
    <inputs>
      <input type="number" name="handle" narrative="The integer handle identifying the instance which should have its window displayed. The default of zero indicates the currently active instance." expr="[handle]" />
    </inputs>
    <onsuccess>eec61ecd-094a-469c-a013-73afbfe8b9d4</onsuccess>
    <resource object="MS Excel VBO" action="Show" />
  </stage>
  <stage stageid="31703ea6-fd9b-42eb-9286-2f1d4e3d69dc" name="Close instance" type="Action">
    <subsheetid>278ecf26-2a9b-4659-a04f-158cbc6fc963</subsheetid>
    <narrative>
    </narrative>
    <displayx>-30</displayx>
    <displayy>90</displayy>
    <displaywidth>60</displaywidth>
    <displayheight>30</displayheight>
    <font family="Segoe UI" size="10" style="Regular" color="000000" />
    <inputs>
      <input type="number" name="handle" narrative="The integer handle identifying the instance to be closed. Zero indicates the currently active instance." expr="[handle]" />
      <input type="flag" name="Save Changes" narrative="True to save the changes to the open workbooks on the instance, False to discard any changes. Default is False." expr="True" />
    </inputs>
    <onsuccess>f18c3124-adfb-473d-b6a5-10e45cbcfd10</onsuccess>
    <resource object="MS Excel VBO" action="Close Instance" />
  </stage>
  <stage stageid="eec61ecd-094a-469c-a013-73afbfe8b9d4" name="Open List" type="Action">
    <subsheetid>278ecf26-2a9b-4659-a04f-158cbc6fc963</subsheetid>
    <narrative>
    </narrative>
    <displayx>-30</displayx>
    <displayy>0</displayy>
    <displaywidth>60</displaywidth>
    <displayheight>30</displayheight>
    <font family="Segoe UI" size="10" style="Regular" color="000000" />
    <inputs>
      <input type="number" name="handle" narrative="The integer handle identifying the instance on which the required workbook should be opened. The default of zero indicates the currently active instance." expr="[handle]" />
      <input type="text" name="File name" narrative="The path and name of the file which should be opened." expr="[Shopping List Excel File Path]" />
    </inputs>
    <outputs>
      <output type="text" name="Workbook Name" narrative="The name used by Excel to identify the workbook - usually this is the file name (without the path)." stage="Workbook Name" />
    </outputs>
    <onsuccess>9356197b-080d-41ff-9473-5f6fa79e9b36</onsuccess>
    <resource object="MS Excel VBO" action="Open Workbook" />
  </stage>
  <stage stageid="9356197b-080d-41ff-9473-5f6fa79e9b36" name="Update Status" type="Action">
    <subsheetid>278ecf26-2a9b-4659-a04f-158cbc6fc963</subsheetid>
    <narrative>
    </narrative>
    <displayx>-30</displayx>
    <displayy>45</displayy>
    <displaywidth>60</displaywidth>
    <displayheight>30</displayheight>
    <font family="Segoe UI" size="10" style="Regular" color="000000" />
    <inputs>
      <input type="number" name="handle" narrative="The integer handle identifying the instance on which the required cell value should be set. The default of zero indicates the currently active instance." expr="[handle]" />
      <input type="text" name="Cell Reference" narrative="The reference on the speficied sheet identifying the cell which should be set." expr="&quot;B&quot; &amp; [Row Number] + 1" />
      <input type="text" name="Value" narrative="The value to which the specified cell should be set." expr="[Status]" />
    </inputs>
    <onsuccess>31703ea6-fd9b-42eb-9286-2f1d4e3d69dc</onsuccess>
    <resource object="MS Excel VBO" action="Set Cell Value" />
  </stage>
  <stage stageid="6b8400fc-509b-4351-afe5-5ff9fb363526" name="Status" type="Data">
    <subsheetid>f0eca982-6110-457f-b0c7-c239185b7064</subsheetid>
    <narrative>
    </narrative>
    <displayx>-225</displayx>
    <displayy>150</displayy>
    <displaywidth>60</displaywidth>
    <displayheight>30</displayheight>
    <font family="Segoe UI" size="10" style="Regular" color="000000" />
    <datatype>text</datatype>
    <initialvalue />
    <private />
    <alwaysinit />
  </stage>
  <stage stageid="a935b711-a898-4ece-b61a-f66cadbf3dde" name="Row Number" type="Data">
    <subsheetid>f0eca982-6110-457f-b0c7-c239185b7064</subsheetid>
    <narrative>
    </narrative>
    <displayx>-165</displayx>
    <displayy>150</displayy>
    <displaywidth>60</displaywidth>
    <displayheight>30</displayheight>
    <font family="Segoe UI" size="10" style="Regular" color="000000" />
    <datatype>number</datatype>
    <initialvalue>1</initialvalue>
    <private />
    <alwaysinit />
  </stage>
  <stage stageid="6e75f705-cb9c-415f-836c-2ed0f4f2483a" name="Success?" type="Decision">
    <subsheetid>f0eca982-6110-457f-b0c7-c239185b7064</subsheetid>
    <narrative>
    </narrative>
    <displayx>15</displayx>
    <displayy>135</displayy>
    <displaywidth>60</displaywidth>
    <displayheight>30</displayheight>
    <font family="Segoe UI" size="10" style="Regular" color="000000" />
    <decision expression="[Success]" />
    <ontrue>135befb1-8013-4c85-9995-6ad8c50ee1fb</ontrue>
    <onfalse>aacd0aa2-abcc-49a6-a394-b27f8611ba35</onfalse>
  </stage>
  <stage stageid="135befb1-8013-4c85-9995-6ad8c50ee1fb" name="Status=Success" type="Calculation">
    <subsheetid>f0eca982-6110-457f-b0c7-c239185b7064</subsheetid>
    <narrative>
    </narrative>
    <displayx>-60</displayx>
    <displayy>135</displayy>
    <displaywidth>60</displaywidth>
    <displayheight>30</displayheight>
    <font family="Segoe UI" size="10" style="Regular" color="000000" />
    <onsuccess>9e3bbb63-2bbb-47af-9b58-a25d810116da</onsuccess>
    <calculation expression="&quot;Successfully added item to the cart&quot;" stage="Status" />
  </stage>
  <stage stageid="aacd0aa2-abcc-49a6-a394-b27f8611ba35" name="Status=Failed" type="Calculation">
    <subsheetid>f0eca982-6110-457f-b0c7-c239185b7064</subsheetid>
    <narrative>
    </narrative>
    <displayx>90</displayx>
    <displayy>135</displayy>
    <displaywidth>60</displaywidth>
    <displayheight>30</displayheight>
    <font family="Segoe UI" size="10" style="Regular" color="000000" />
    <onsuccess>0cfaf849-98c8-456c-b8a0-1221bab50958</onsuccess>
    <calculation expression="&quot;Failed to add item to cart&quot;" stage="Status" />
  </stage>
  <stage stageid="584fcd5e-b9a9-4564-9892-d3aff41db63f" name="Update Status" type="SubSheet">
    <subsheetid>f0eca982-6110-457f-b0c7-c239185b7064</subsheetid>
    <narrative>
    </narrative>
    <displayx>15</displayx>
    <displayy>180</displayy>
    <displaywidth>60</displaywidth>
    <displayheight>30</displayheight>
    <font family="Segoe UI" size="10" style="Regular" color="000000" />
    <inputs>
      <input type="text" name="Status" expr="[Status]" />
      <input type="number" name="Row Number" expr="[Row Number]" />
    </inputs>
    <onsuccess>47baaeff-7d61-427a-8208-8019bda7af9e</onsuccess>
    <processid>278ecf26-2a9b-4659-a04f-158cbc6fc963</processid>
  </stage>
  <stage stageid="47baaeff-7d61-427a-8208-8019bda7af9e" name="Increase Row Number" type="Calculation">
    <subsheetid>f0eca982-6110-457f-b0c7-c239185b7064</subsheetid>
    <narrative>
    </narrative>
    <displayx>15</displayx>
    <displayy>225</displayy>
    <displaywidth>60</displaywidth>
    <displayheight>30</displayheight>
    <font family="Segoe UI" size="10" style="Regular" color="000000" />
    <onsuccess>c5ef1b54-3459-4b50-9a3c-ec719d97c642</onsuccess>
    <calculation expression="[Row Number]+1" stage="Row Number" />
  </stage>
  <stage stageid="9e3bbb63-2bbb-47af-9b58-a25d810116da" name="Anchor6" type="Anchor">
    <subsheetid>f0eca982-6110-457f-b0c7-c239185b7064</subsheetid>
    <narrative>
    </narrative>
    <displayx>-60</displayx>
    <displayy>180</displayy>
    <displaywidth>10</displaywidth>
    <displayheight>10</displayheight>
    <font family="Segoe UI" size="10" style="Regular" color="000000" />
    <onsuccess>584fcd5e-b9a9-4564-9892-d3aff41db63f</onsuccess>
  </stage>
  <stage stageid="0cfaf849-98c8-456c-b8a0-1221bab50958" name="Anchor7" type="Anchor">
    <subsheetid>f0eca982-6110-457f-b0c7-c239185b7064</subsheetid>
    <narrative>
    </narrative>
    <displayx>90</displayx>
    <displayy>180</displayy>
    <displaywidth>10</displaywidth>
    <displayheight>10</displayheight>
    <font family="Segoe UI" size="10" style="Regular" color="000000" />
    <onsuccess>584fcd5e-b9a9-4564-9892-d3aff41db63f</onsuccess>
  </stage>
  <stage stageid="437636ed-a084-47e9-b720-0055b5b17e98" name="Send Email to Requester" type="Action">
    <subsheetid>59265115-3716-4c72-89d1-754b791d9c7d</subsheetid>
    <narrative>
    </narrative>
    <displayx>150</displayx>
    <displayy>120</displayy>
    <displaywidth>60</displaywidth>
    <displayheight>30</displayheight>
    <font family="Segoe UI" size="10" style="Regular" color="000000" />
    <inputs>
      <input type="text" name="To" narrative="Mandatory. Any alphanumeric value allowed. Single Recipient = &quot;Name1@emaill.com&quot;; Multi Recipient = &quot;Name1@emaill.com; Name2@email.com&quot;" expr="[Email Address]" />
      <input type="text" name="CC" narrative="Optional. Any alphanumeric value allowed. Single Recipient = &quot;Name1@emaill.com&quot;; Multi Recipient = &quot;Name1@emaill.com; Name2@email.com&quot;. Default blank" expr="" />
      <input type="text" name="BCC" narrative="Optional. Any alphanumeric value allowed. Single Recipient = &quot;Name1@emaill.com&quot;; Multi Recipient = &quot;Name1@emaill.com; Name2@email.com&quot;. Default blank" expr="" />
      <input type="text" name="Subject" narrative="Optional. Any alphanumeric value allowed." expr="&quot;Your items have been added to the cart&quot;" />
      <input type="text" name="Message" narrative="Optional, HTML or plain text" expr="[Email Message]" />
      <input type="text" name="Attachments" narrative="Optional, Comma-separated file paths. Default blank." expr="[Shopping List Excel File Path]" />
    </inputs>
    <onsuccess>54ece7c9-44cb-43fa-ac3e-87b3920d63b7</onsuccess>
    <resource object="MS Outlook Email VBO" action="Send Email" />
  </stage>
  <stage stageid="957e023a-8397-4838-aed1-0455b62380c5" name="Get Requester" type="Calculation">
    <subsheetid>59265115-3716-4c72-89d1-754b791d9c7d</subsheetid>
    <narrative>
    </narrative>
    <displayx>15</displayx>
    <displayy>-135</displayy>
    <displaywidth>60</displaywidth>
    <displayheight>30</displayheight>
    <font family="Segoe UI" size="10" style="Regular" color="000000" />
    <onsuccess>c839341e-3cc6-4961-b39b-68a8e8366d67</onsuccess>
    <calculation expression="Replace(Right([Shopping List Excel File Path], Len([Shopping List Excel File Path])-InStr([Shopping List Excel File Path], &quot;_&quot;)), &quot;.xlsx&quot;, &quot;&quot;)" stage="Requester" />
  </stage>
</process>