﻿<process name="Amazon – Search" version="1.0" bpversion="6.3.0.6190" narrative="Launches the Amazon site and closes the browser" byrefcollection="true" type="object" runmode="Exclusive" preferredid="eac97339-83b6-4514-bbfa-fc381f35d6fc">
  <appdef>
    <element name="Amazon – Search">
      <id>230dab2f-08ee-40ed-a0d4-b1cb833bce20</id>
      <group name="Element1">
        <id>eecb5d15-1efd-4173-ae86-c347b5a4f997</id>
      </group>
      <type>Application</type>
      <basetype>Application</basetype>
      <datatype>unknown</datatype>
      <diagnose>False</diagnose>
    </element>
    <apptypeinfo>
      <id>HTMLLaunch</id>
      <parameters>
        <parameter>
          <name>Path</name>
          <value>C:\Program Files\Internet Explorer\iexplore.exe</value>
        </parameter>
        <parameter>
          <name>CommandLineParams</name>
          <value>http://www.amazon.com</value>
        </parameter>
        <parameter>
          <name>ActiveTabOnly</name>
          <value>True</value>
        </parameter>
        <parameter>
          <name>UseJavaInBrowser</name>
          <value>False</value>
        </parameter>
        <parameter>
          <name>ExcludeHTC</name>
          <value>True</value>
        </parameter>
        <parameter>
          <name>ProcessMode</name>
          <value>Internal</value>
        </parameter>
        <parameter>
          <name>ExternalProcessTimeout</name>
          <value>0</value>
        </parameter>
      </parameters>
    </apptypeinfo>
  </appdef>
  <view>
    <camerax>0</camerax>
    <cameray>0</cameray>
    <zoom version="2">1.25</zoom>
  </view>
  <preconditions />
  <endpoint narrative="" />
  <subsheet subsheetid="d4f9e869-727a-46c4-94e6-d481fbe34238" type="CleanUp" published="True">
    <name>Clean Up</name>
    <view>
      <camerax>0</camerax>
      <cameray>0</cameray>
      <zoom version="2">1.25</zoom>
    </view>
  </subsheet>
  <subsheet subsheetid="61ce2b39-ed3a-4e56-90df-59d8a5011b06" type="Normal" published="True">
    <name>Launch</name>
    <view>
      <camerax>0</camerax>
      <cameray>0</cameray>
      <zoom version="2">1.25</zoom>
    </view>
  </subsheet>
  <subsheet subsheetid="442ff0be-5fed-46f7-ab7b-2e2815a0ed7d" type="Normal" published="True">
    <name>Terminate</name>
    <view>
      <camerax>0</camerax>
      <cameray>0</cameray>
      <zoom version="2">1.25</zoom>
    </view>
  </subsheet>
  <stage stageid="de41e0ba-9953-4ffe-b1f6-ada35585fc6b" name="Start" type="Start">
    <loginhibit />
    <narrative>
    </narrative>
    <displayx>15</displayx>
    <displayy>-105</displayy>
    <displaywidth>60</displaywidth>
    <displayheight>30</displayheight>
    <font family="Segoe UI" size="10" style="Regular" color="000000" />
    <onsuccess>c2f871dc-53b6-4946-8412-ebc651298840</onsuccess>
  </stage>
  <stage stageid="c2f871dc-53b6-4946-8412-ebc651298840" name="End" type="End">
    <loginhibit />
    <narrative>
    </narrative>
    <displayx>15</displayx>
    <displayy>90</displayy>
    <displaywidth>60</displaywidth>
    <displayheight>30</displayheight>
    <font family="Segoe UI" size="10" style="Regular" color="000000" />
  </stage>
  <stage stageid="7e873707-811e-41e6-998c-7ad09d3940e0" name="Stage1" type="ProcessInfo">
    <narrative>
    </narrative>
    <displayx>-195</displayx>
    <displayy>-105</displayy>
    <displaywidth>150</displaywidth>
    <displayheight>90</displayheight>
    <font family="Segoe UI" size="10" style="Regular" color="000000" />
    <references>
      <reference>System.dll</reference>
      <reference>System.Data.dll</reference>
      <reference>System.Xml.dll</reference>
      <reference>System.Drawing.dll</reference>
    </references>
    <imports>
      <import>System</import>
      <import>System.Drawing</import>
      <import>System.Data</import>
    </imports>
    <language>visualbasic</language>
    <globalcode><![CDATA[]]></globalcode>
    <code><![CDATA[]]></code>
  </stage>
  <stage stageid="2d2166f2-8527-4bf4-bc31-d025da4405d6" name="Clean Up" type="SubSheetInfo">
    <subsheetid>d4f9e869-727a-46c4-94e6-d481fbe34238</subsheetid>
    <narrative>
    </narrative>
    <displayx>-195</displayx>
    <displayy>-105</displayy>
    <displaywidth>150</displaywidth>
    <displayheight>90</displayheight>
    <font family="Segoe UI" size="10" style="Regular" color="000000" />
  </stage>
  <stage stageid="8a3463a8-29bf-47fb-86a7-3deba32ecd70" name="Start" type="Start">
    <subsheetid>d4f9e869-727a-46c4-94e6-d481fbe34238</subsheetid>
    <loginhibit />
    <narrative>
    </narrative>
    <displayx>15</displayx>
    <displayy>-105</displayy>
    <displaywidth>60</displaywidth>
    <displayheight>30</displayheight>
    <font family="Segoe UI" size="10" style="Regular" color="000000" />
    <onsuccess>9bc8b125-0452-4c2e-a09e-1196c6f8e0fe</onsuccess>
  </stage>
  <stage stageid="9bc8b125-0452-4c2e-a09e-1196c6f8e0fe" name="End" type="End">
    <subsheetid>d4f9e869-727a-46c4-94e6-d481fbe34238</subsheetid>
    <loginhibit />
    <narrative>
    </narrative>
    <displayx>15</displayx>
    <displayy>90</displayy>
    <displaywidth>60</displaywidth>
    <displayheight>30</displayheight>
    <font family="Segoe UI" size="10" style="Regular" color="000000" />
  </stage>
  <stage stageid="9490ca9c-b9da-420e-84f6-3e303a5a4d0d" name="Launch" type="SubSheetInfo">
    <subsheetid>61ce2b39-ed3a-4e56-90df-59d8a5011b06</subsheetid>
    <narrative>
    </narrative>
    <displayx>-195</displayx>
    <displayy>-105</displayy>
    <displaywidth>150</displaywidth>
    <displayheight>90</displayheight>
    <font family="Segoe UI" size="10" style="Regular" color="000000" />
  </stage>
  <stage stageid="dfb527ff-4e3f-46df-8ecc-2e2a70cb902b" name="Start" type="Start">
    <subsheetid>61ce2b39-ed3a-4e56-90df-59d8a5011b06</subsheetid>
    <loginhibit />
    <narrative>
    </narrative>
    <displayx>15</displayx>
    <displayy>-105</displayy>
    <displaywidth>60</displaywidth>
    <displayheight>30</displayheight>
    <font family="Segoe UI" size="10" style="Regular" color="000000" />
    <onsuccess>46f50b2e-1586-4bea-8e3b-9a7d88a34c17</onsuccess>
  </stage>
  <stage stageid="0d32cf5f-ff38-4d81-81e8-039e8011197f" name="End" type="End">
    <subsheetid>61ce2b39-ed3a-4e56-90df-59d8a5011b06</subsheetid>
    <loginhibit />
    <narrative>
    </narrative>
    <displayx>15</displayx>
    <displayy>0</displayy>
    <displaywidth>60</displaywidth>
    <displayheight>30</displayheight>
    <font family="Segoe UI" size="10" style="Regular" color="000000" />
  </stage>
  <stage stageid="e3db6a43-cbec-493a-bc1c-de15f206df1d" name="Note1" type="Note">
    <subsheetid>d4f9e869-727a-46c4-94e6-d481fbe34238</subsheetid>
    <narrative>Clean Up Page

This is an optional page where you might choose to perform some finalisation (or "cleanup") tasks as your business object is closed down.

The cleanup action will be called automatically immediately after closing your business object at the end of a business process.

You will not be able to call this action from a business process, nor will it be called at any other time than before the disposal of the business object.</narrative>
    <displayx>-180</displayx>
    <displayy>60</displayy>
    <displaywidth>180</displaywidth>
    <displayheight>230</displayheight>
    <font family="Segoe UI" size="10" style="Regular" color="000000" />
  </stage>
  <stage stageid="5ab636f9-31d9-4962-a62a-cba3dae38bcc" name="Note2" type="Note">
    <narrative>Initialise Page

This is an optional page where you might choose to perform some initialisation tasks after your business object is loaded.

The initialise action will be called automatically immediately after loading your business object.

You will not be able to call this action from a business process, nor will it be called at any other time than after the creation of the object.</narrative>
    <displayx>-180</displayx>
    <displayy>60</displayy>
    <displaywidth>180</displaywidth>
    <displayheight>230</displayheight>
    <font family="Segoe UI" size="10" style="Regular" color="000000" />
  </stage>
  <stage stageid="46f50b2e-1586-4bea-8e3b-9a7d88a34c17" name="Launch Amazon" type="Navigate">
    <subsheetid>61ce2b39-ed3a-4e56-90df-59d8a5011b06</subsheetid>
    <loginhibit />
    <narrative>
    </narrative>
    <displayx>15</displayx>
    <displayy>-60</displayy>
    <displaywidth>60</displaywidth>
    <displayheight>30</displayheight>
    <font family="Segoe UI" size="10" style="Regular" color="000000" />
    <onsuccess>0d32cf5f-ff38-4d81-81e8-039e8011197f</onsuccess>
    <step>
      <element id="230dab2f-08ee-40ed-a0d4-b1cb833bce20" />
      <action>
        <id>Launch</id>
        <arguments>
          <argument>
            <id>Path</id>
            <value>
            </value>
          </argument>
          <argument>
            <id>CommandLineParams</id>
            <value>
            </value>
          </argument>
          <argument>
            <id>ActiveTabOnly</id>
            <value>
            </value>
          </argument>
          <argument>
            <id>UseJavaInBrowser</id>
            <value>
            </value>
          </argument>
          <argument>
            <id>ExcludeHTC</id>
            <value>
            </value>
          </argument>
          <argument>
            <id>ProcessMode</id>
            <value>
            </value>
          </argument>
        </arguments>
      </action>
    </step>
  </stage>
  <stage stageid="f79a3d01-c8b2-4ae1-9fe0-0b6652dc0e60" name="Terminate" type="SubSheetInfo">
    <subsheetid>442ff0be-5fed-46f7-ab7b-2e2815a0ed7d</subsheetid>
    <narrative>
    </narrative>
    <displayx>-195</displayx>
    <displayy>-105</displayy>
    <displaywidth>150</displaywidth>
    <displayheight>90</displayheight>
    <font family="Segoe UI" size="10" style="Regular" color="000000" />
  </stage>
  <stage stageid="9b063adc-0c1d-479c-adda-31de67ac1f21" name="Start" type="Start">
    <subsheetid>442ff0be-5fed-46f7-ab7b-2e2815a0ed7d</subsheetid>
    <loginhibit />
    <narrative>
    </narrative>
    <displayx>15</displayx>
    <displayy>-105</displayy>
    <displaywidth>60</displaywidth>
    <displayheight>30</displayheight>
    <font family="Segoe UI" size="10" style="Regular" color="000000" />
    <onsuccess>0b22ff62-8f10-444e-9547-e6c5a7cf999f</onsuccess>
  </stage>
  <stage stageid="46ad00be-08aa-4e86-b7a5-f2bb0acb06aa" name="End" type="End">
    <subsheetid>442ff0be-5fed-46f7-ab7b-2e2815a0ed7d</subsheetid>
    <loginhibit />
    <narrative>
    </narrative>
    <displayx>15</displayx>
    <displayy>-15</displayy>
    <displaywidth>60</displaywidth>
    <displayheight>30</displayheight>
    <font family="Segoe UI" size="10" style="Regular" color="000000" />
  </stage>
  <stage stageid="0b22ff62-8f10-444e-9547-e6c5a7cf999f" name="Terminate" type="Navigate">
    <subsheetid>442ff0be-5fed-46f7-ab7b-2e2815a0ed7d</subsheetid>
    <loginhibit />
    <narrative>
    </narrative>
    <displayx>15</displayx>
    <displayy>-60</displayy>
    <displaywidth>60</displaywidth>
    <displayheight>30</displayheight>
    <font family="Segoe UI" size="10" style="Regular" color="000000" />
    <onsuccess>46ad00be-08aa-4e86-b7a5-f2bb0acb06aa</onsuccess>
    <step>
      <element id="230dab2f-08ee-40ed-a0d4-b1cb833bce20" />
      <action>
        <id>Terminate</id>
      </action>
    </step>
  </stage>
</process>