﻿<process name="Weekly purchase of groceries" version="1.0" bpversion="6.3.0.6190" narrative="Visits Amazon to add the items that we need to the shopping cart." byrefcollection="true" preferredid="6c38567d-e823-4555-a4fc-8fb282406a8b">
  <view>
    <camerax>0</camerax>
    <cameray>-25</cameray>
    <zoom version="2">1.25</zoom>
  </view>
  <preconditions />
  <endpoint narrative="" />
  <subsheet subsheetid="f0cc1754-8fa6-4e03-8e70-7bab2d25d1ae" type="Normal" published="False">
    <name>Get List of items to purchase</name>
    <view>
      <camerax>0</camerax>
      <cameray>0</cameray>
      <zoom version="2">1.25</zoom>
    </view>
  </subsheet>
  <subsheet subsheetid="f0eca982-6110-457f-b0c7-c239185b7064" type="Normal" published="False">
    <name>Search and Add Item to Cart</name>
    <view>
      <camerax>0</camerax>
      <cameray>66</cameray>
      <zoom version="2">1.25</zoom>
    </view>
  </subsheet>
  <subsheet subsheetid="59265115-3716-4c72-89d1-754b791d9c7d" type="Normal" published="False">
    <name>Send Email Notification</name>
    <view>
      <camerax>0</camerax>
      <cameray>21</cameray>
      <zoom version="2">1.25</zoom>
    </view>
  </subsheet>
  <stage stageid="44d54158-400c-471c-a9e0-1ab70a499933" name="Start" type="Start">
    <narrative>
    </narrative>
    <displayx>15</displayx>
    <displayy>-135</displayy>
    <displaywidth>60</displaywidth>
    <displayheight>30</displayheight>
    <font family="Segoe UI" size="10" style="Regular" color="000000" />
    <onsuccess>a42ca2a6-e47e-49e0-8dd3-f0852eadf45b</onsuccess>
  </stage>
  <stage stageid="3ba68629-acc9-4783-b9c6-7be79694898a" name="End" type="End">
    <narrative>
    </narrative>
    <displayx>15</displayx>
    <displayy>45</displayy>
    <displaywidth>60</displaywidth>
    <displayheight>30</displayheight>
    <font family="Segoe UI" size="10" style="Regular" color="000000" />
  </stage>
  <stage stageid="17bb0358-2fb1-44e5-858c-6289398cea7d" name="Stage1" type="ProcessInfo">
    <narrative>
    </narrative>
    <displayx>-195</displayx>
    <displayy>-105</displayy>
    <displaywidth>150</displaywidth>
    <displayheight>90</displayheight>
    <font family="Segoe UI" size="10" style="Regular" color="000000" />
  </stage>
  <stage stageid="efb94d37-535e-42c1-ba85-9c7818a8d237" name="Get List of items to purchase" type="SubSheetInfo">
    <subsheetid>f0cc1754-8fa6-4e03-8e70-7bab2d25d1ae</subsheetid>
    <narrative>
    </narrative>
    <displayx>-195</displayx>
    <displayy>-105</displayy>
    <displaywidth>150</displaywidth>
    <displayheight>90</displayheight>
    <font family="Segoe UI" size="10" style="Regular" color="000000" />
  </stage>
  <stage stageid="b41d71c5-6778-45b7-8dee-afc6ed9ff7dd" name="Start" type="Start">
    <subsheetid>f0cc1754-8fa6-4e03-8e70-7bab2d25d1ae</subsheetid>
    <narrative>
    </narrative>
    <displayx>15</displayx>
    <displayy>-105</displayy>
    <displaywidth>60</displaywidth>
    <displayheight>30</displayheight>
    <font family="Segoe UI" size="10" style="Regular" color="000000" />
    <onsuccess>db489e50-579c-406e-aef8-da9431170acc</onsuccess>
  </stage>
  <stage stageid="d7d4f499-d5f8-4d45-b7e3-a0cf813059af" name="End" type="End">
    <subsheetid>f0cc1754-8fa6-4e03-8e70-7bab2d25d1ae</subsheetid>
    <narrative>
    </narrative>
    <displayx>15</displayx>
    <displayy>90</displayy>
    <displaywidth>60</displaywidth>
    <displayheight>30</displayheight>
    <font family="Segoe UI" size="10" style="Regular" color="000000" />
    <outputs>
      <output type="collection" name="Output - List of Items to Purchase" narrative="Output collection that stores the list of items to purchase" stage="Output - List of Items to Purchase" />
    </outputs>
  </stage>
  <stage stageid="a42ca2a6-e47e-49e0-8dd3-f0852eadf45b" name="Get List of items to purchase" type="SubSheet">
    <narrative>
    </narrative>
    <displayx>15</displayx>
    <displayy>-90</displayy>
    <displaywidth>60</displaywidth>
    <displayheight>30</displayheight>
    <font family="Segoe UI" size="10" style="Regular" color="000000" />
    <outputs>
      <output type="collection" name="Output - List of Items to Purchase" narrative="Output collection that stores the list of items to purchase" stage="List of Items to Purchase" />
    </outputs>
    <onsuccess>1f1d8c6f-afe8-4760-b5d2-bc3777effe39</onsuccess>
    <processid>f0cc1754-8fa6-4e03-8e70-7bab2d25d1ae</processid>
  </stage>
  <stage stageid="37c4ebf8-5ef8-4a51-a3cd-23c473e6d9f4" name="Search and Add Item to Cart" type="SubSheetInfo">
    <subsheetid>f0eca982-6110-457f-b0c7-c239185b7064</subsheetid>
    <narrative>
    </narrative>
    <displayx>-195</displayx>
    <displayy>-105</displayy>
    <displaywidth>150</displaywidth>
    <displayheight>90</displayheight>
    <font family="Segoe UI" size="10" style="Regular" color="000000" />
  </stage>
  <stage stageid="03212360-8391-49f9-950c-fe563e282581" name="Start" type="Start">
    <subsheetid>f0eca982-6110-457f-b0c7-c239185b7064</subsheetid>
    <narrative>
    </narrative>
    <displayx>15</displayx>
    <displayy>-135</displayy>
    <displaywidth>60</displaywidth>
    <displayheight>30</displayheight>
    <font family="Segoe UI" size="10" style="Regular" color="000000" />
    <inputs>
      <input type="collection" name="Input - List of Items to Purchase" narrative="Input collection that stores the list of items to purchase" stage="Input - List of Items to Purchase" />
    </inputs>
    <onsuccess>33b01cab-293b-41c4-a6ae-58a8961e5fa6</onsuccess>
  </stage>
  <stage stageid="5ef2dad4-5ea7-401a-943f-27d0d612cc94" name="End" type="End">
    <subsheetid>f0eca982-6110-457f-b0c7-c239185b7064</subsheetid>
    <narrative>
    </narrative>
    <displayx>15</displayx>
    <displayy>225</displayy>
    <displaywidth>60</displaywidth>
    <displayheight>30</displayheight>
    <font family="Segoe UI" size="10" style="Regular" color="000000" />
  </stage>
  <stage stageid="1f1d8c6f-afe8-4760-b5d2-bc3777effe39" name="Search and Add Item to Cart" type="SubSheet">
    <narrative>
    </narrative>
    <displayx>15</displayx>
    <displayy>-45</displayy>
    <displaywidth>60</displaywidth>
    <displayheight>30</displayheight>
    <font family="Segoe UI" size="10" style="Regular" color="000000" />
    <inputs>
      <input type="collection" name="Input - List of Items to Purchase" narrative="Input collection that stores the list of items to purchase" expr="[List of Items to Purchase]" />
    </inputs>
    <onsuccess>668d7d23-b017-4b4e-a0a0-5e1e7fed917e</onsuccess>
    <processid>f0eca982-6110-457f-b0c7-c239185b7064</processid>
  </stage>
  <stage stageid="3c460cf7-0f12-4d8a-9409-0ac18930bad4" name="Send Email Notification" type="SubSheetInfo">
    <subsheetid>59265115-3716-4c72-89d1-754b791d9c7d</subsheetid>
    <narrative>
    </narrative>
    <displayx>-195</displayx>
    <displayy>-105</displayy>
    <displaywidth>210</displaywidth>
    <displayheight>90</displayheight>
    <font family="Segoe UI" size="10" style="Regular" color="000000" />
  </stage>
  <stage stageid="c0efad0f-44fa-45f5-9fed-3e202dcb2551" name="Start" type="Start">
    <subsheetid>59265115-3716-4c72-89d1-754b791d9c7d</subsheetid>
    <narrative>
    </narrative>
    <displayx>15</displayx>
    <displayy>-135</displayy>
    <displaywidth>60</displaywidth>
    <displayheight>30</displayheight>
    <font family="Segoe UI" size="10" style="Regular" color="000000" />
    <onsuccess>c839341e-3cc6-4961-b39b-68a8e8366d67</onsuccess>
  </stage>
  <stage stageid="54ece7c9-44cb-43fa-ac3e-87b3920d63b7" name="End" type="End">
    <subsheetid>59265115-3716-4c72-89d1-754b791d9c7d</subsheetid>
    <narrative>
    </narrative>
    <displayx>15</displayx>
    <displayy>135</displayy>
    <displaywidth>60</displaywidth>
    <displayheight>30</displayheight>
    <font family="Segoe UI" size="10" style="Regular" color="000000" />
  </stage>
  <stage stageid="668d7d23-b017-4b4e-a0a0-5e1e7fed917e" name="Send Email Notification" type="SubSheet">
    <narrative>
    </narrative>
    <displayx>15</displayx>
    <displayy>0</displayy>
    <displaywidth>60</displaywidth>
    <displayheight>30</displayheight>
    <font family="Segoe UI" size="10" style="Regular" color="000000" />
    <onsuccess>3ba68629-acc9-4783-b9c6-7be79694898a</onsuccess>
    <processid>59265115-3716-4c72-89d1-754b791d9c7d</processid>
  </stage>
  <stage stageid="db489e50-579c-406e-aef8-da9431170acc" name="Note1" type="Note">
    <subsheetid>f0cc1754-8fa6-4e03-8e70-7bab2d25d1ae</subsheetid>
    <narrative>TODO: Add the logic on how to get the list of items to purchase.</narrative>
    <displayx>15</displayx>
    <displayy>-60</displayy>
    <displaywidth>60</displaywidth>
    <displayheight>30</displayheight>
    <font family="Segoe UI" size="10" style="Regular" color="000000" />
    <onsuccess>d7d4f499-d5f8-4d45-b7e3-a0cf813059af</onsuccess>
  </stage>
  <stage stageid="6ccf1808-7480-46dd-85c9-8a7dc0d078ec" name="Output - List of Items to Purchase" type="Collection">
    <subsheetid>f0cc1754-8fa6-4e03-8e70-7bab2d25d1ae</subsheetid>
    <narrative>
    </narrative>
    <displayx>-225</displayx>
    <displayy>0</displayy>
    <displaywidth>60</displaywidth>
    <displayheight>30</displayheight>
    <font family="Segoe UI" size="10" style="Regular" color="000000" />
    <datatype>collection</datatype>
    <private />
    <alwaysinit />
    <collectioninfo>
      <field name="Item Name" type="text" description="The name of the item to purchase" />
    </collectioninfo>
    <initialvalue>
      <row>
        <field name="Item Name" type="text" value="Low Carb Granola Cereal" />
      </row>
      <row>
        <field name="Item Name" type="text" value="Cap'N Crunch Breakfast Cereal" />
      </row>
    </initialvalue>
  </stage>
  <stage stageid="ff712186-9b36-4084-9a14-ff23fece386d" name="Input - List of Items to Purchase" type="Collection">
    <subsheetid>f0eca982-6110-457f-b0c7-c239185b7064</subsheetid>
    <narrative>
    </narrative>
    <displayx>-225</displayx>
    <displayy>-15</displayy>
    <displaywidth>60</displaywidth>
    <displayheight>30</displayheight>
    <font family="Segoe UI" size="10" style="Regular" color="000000" />
    <datatype>collection</datatype>
    <private />
    <alwaysinit />
  </stage>
  <stage stageid="4cc672eb-8366-40d3-ab7b-9515e1598729" name="List of Items to Purchase" type="Collection">
    <narrative>
    </narrative>
    <displayx>90</displayx>
    <displayy>-90</displayy>
    <displaywidth>60</displaywidth>
    <displayheight>30</displayheight>
    <font family="Segoe UI" size="10" style="Regular" color="000000" />
    <datatype>collection</datatype>
    <private />
    <alwaysinit />
  </stage>
  <stage stageid="acf1efab-ef86-4194-9399-5819c588739e" name="Outputs" type="Block">
    <subsheetid>f0cc1754-8fa6-4e03-8e70-7bab2d25d1ae</subsheetid>
    <narrative>
    </narrative>
    <displayx>-270</displayx>
    <displayy>-45</displayy>
    <displaywidth>150</displaywidth>
    <displayheight>75</displayheight>
    <font family="Segoe UI" size="10" style="Regular" color="7FB2E5" />
  </stage>
  <stage stageid="6089be8d-cfe6-407f-8646-a90888b2f468" name="Globals" type="Block">
    <narrative>
    </narrative>
    <displayx>-270</displayx>
    <displayy>-45</displayy>
    <displaywidth>150</displaywidth>
    <displayheight>75</displayheight>
    <font family="Segoe UI" size="10" style="Regular" color="7FB2E5" />
  </stage>
  <stage stageid="6844f1ff-dfc0-4c44-9350-3273ea139b18" name="Shopping List Excel File Path" type="Data">
    <narrative>
    </narrative>
    <displayx>-225</displayx>
    <displayy>-15</displayy>
    <displaywidth>60</displaywidth>
    <displayheight>30</displayheight>
    <font family="Segoe UI" size="10" style="Regular" color="000000" />
    <datatype>text</datatype>
    <initialvalue xml:space="preserve">c:\shopping\ShoppingList_Henry.xlsx</initialvalue>
    <alwaysinit />
  </stage>
  <stage stageid="93091e8f-254c-4a58-8fca-98cd095934c8" name="Inputs" type="Block">
    <subsheetid>f0eca982-6110-457f-b0c7-c239185b7064</subsheetid>
    <narrative>
    </narrative>
    <displayx>-270</displayx>
    <displayy>-45</displayy>
    <displaywidth>150</displaywidth>
    <displayheight>90</displayheight>
    <font family="Segoe UI" size="10" style="Regular" color="7FB2E5" />
  </stage>
  <stage stageid="1f2b0c36-b1ac-40f3-b8d7-50133df74b3b" name="Loop Input - List of Items to Purchase" type="LoopStart">
    <subsheetid>f0eca982-6110-457f-b0c7-c239185b7064</subsheetid>
    <narrative>
    </narrative>
    <displayx>15</displayx>
    <displayy>0</displayy>
    <displaywidth>60</displaywidth>
    <displayheight>30</displayheight>
    <font family="Segoe UI" size="10" style="Regular" color="000000" />
    <onsuccess>8bfe3a4b-da71-4c4e-a0d5-d18f64955510</onsuccess>
    <groupid>7ad809d0-67e6-4c4c-857b-8828403275fc</groupid>
    <looptype>ForEach</looptype>
    <loopdata>Input - List of Items to Purchase</loopdata>
  </stage>
  <stage stageid="c5ef1b54-3459-4b50-9a3c-ec719d97c642" name="Loop Input - List of Items to Purchase" type="LoopEnd">
    <subsheetid>f0eca982-6110-457f-b0c7-c239185b7064</subsheetid>
    <narrative>
    </narrative>
    <displayx>15</displayx>
    <displayy>180</displayy>
    <displaywidth>60</displaywidth>
    <displayheight>30</displayheight>
    <font family="Segoe UI" size="10" style="Regular" color="000000" />
    <onsuccess>5ef2dad4-5ea7-401a-943f-27d0d612cc94</onsuccess>
    <groupid>7ad809d0-67e6-4c4c-857b-8828403275fc</groupid>
  </stage>
  <stage stageid="8818eef4-bcd4-48ff-8dcd-def821de2a0f" name="Note2" type="Note">
    <subsheetid>f0eca982-6110-457f-b0c7-c239185b7064</subsheetid>
    <narrative>Search and add the item to the cart</narrative>
    <displayx>15</displayx>
    <displayy>90</displayy>
    <displaywidth>60</displaywidth>
    <displayheight>30</displayheight>
    <font family="Segoe UI" size="10" style="Regular" color="000000" />
    <onsuccess>d7039223-9541-4d32-8a1b-1059f5686d59</onsuccess>
  </stage>
  <stage stageid="33b01cab-293b-41c4-a6ae-58a8961e5fa6" name="Count the number of items to purchase" type="Action">
    <subsheetid>f0eca982-6110-457f-b0c7-c239185b7064</subsheetid>
    <narrative>
    </narrative>
    <displayx>15</displayx>
    <displayy>-90</displayy>
    <displaywidth>60</displaywidth>
    <displayheight>30</displayheight>
    <font family="Segoe UI" size="10" style="Regular" color="000000" />
    <inputs>
      <input type="text" name="Collection Name" narrative="The name of the collection to act upon" expr="&quot;Input - List of Items to Purchase&quot;" />
    </inputs>
    <outputs>
      <output type="number" name="Count" narrative="The number of rows counted in the collection" stage="Number of Items to Purchase" />
    </outputs>
    <onsuccess>f00696a1-6345-4cb4-aff6-863931720e06</onsuccess>
    <resource object="Blueprism.AutomateProcessCore.clsCollectionActions" action="Count Rows" />
  </stage>
  <stage stageid="31efe021-9b16-406b-b9cd-d920e2de3cae" name="Number of Items to Purchase" type="Data">
    <subsheetid>f0eca982-6110-457f-b0c7-c239185b7064</subsheetid>
    <narrative>
    </narrative>
    <displayx>-225</displayx>
    <displayy>105</displayy>
    <displaywidth>60</displaywidth>
    <displayheight>30</displayheight>
    <font family="Segoe UI" size="10" style="Regular" color="000000" />
    <datatype>number</datatype>
    <initialvalue />
    <private />
    <alwaysinit />
  </stage>
  <stage stageid="6763fbea-f9df-406a-ad4c-9ad504b6f9fd" name="Locals" type="Block">
    <subsheetid>f0eca982-6110-457f-b0c7-c239185b7064</subsheetid>
    <narrative>
    </narrative>
    <displayx>-270</displayx>
    <displayy>60</displayy>
    <displaywidth>150</displaywidth>
    <displayheight>90</displayheight>
    <font family="Segoe UI" size="10" style="Regular" color="7FB2E5" />
  </stage>
  <stage stageid="f00696a1-6345-4cb4-aff6-863931720e06" name="Is the list empty?" type="Decision">
    <subsheetid>f0eca982-6110-457f-b0c7-c239185b7064</subsheetid>
    <narrative>
    </narrative>
    <displayx>15</displayx>
    <displayy>-45</displayy>
    <displaywidth>60</displaywidth>
    <displayheight>30</displayheight>
    <font family="Segoe UI" size="10" style="Regular" color="000000" />
    <decision expression="[Number of Items to Purchase]=0" />
    <ontrue>b54df2c3-dd7a-4f86-9512-26048902d095</ontrue>
    <onfalse>1f2b0c36-b1ac-40f3-b8d7-50133df74b3b</onfalse>
  </stage>
  <stage stageid="b54df2c3-dd7a-4f86-9512-26048902d095" name="End1" type="End">
    <subsheetid>f0eca982-6110-457f-b0c7-c239185b7064</subsheetid>
    <narrative>
    </narrative>
    <displayx>90</displayx>
    <displayy>-45</displayy>
    <displaywidth>60</displaywidth>
    <displayheight>30</displayheight>
    <font family="Segoe UI" size="10" style="Regular" color="000000" />
  </stage>
  <stage stageid="3d390542-0e9e-4284-8e77-80a4f066d573" name="Locals" type="Block">
    <subsheetid>59265115-3716-4c72-89d1-754b791d9c7d</subsheetid>
    <narrative>
    </narrative>
    <displayx>-300</displayx>
    <displayy>-45</displayy>
    <displaywidth>210</displaywidth>
    <displayheight>150</displayheight>
    <font family="Segoe UI" size="10" style="Regular" color="7FB2E5" />
  </stage>
  <stage stageid="1f61ade3-d3df-415b-ab38-b58fa03bb27d" name="Requester" type="Data">
    <subsheetid>59265115-3716-4c72-89d1-754b791d9c7d</subsheetid>
    <narrative>
    </narrative>
    <displayx>-255</displayx>
    <displayy>0</displayy>
    <displaywidth>60</displaywidth>
    <displayheight>30</displayheight>
    <font family="Segoe UI" size="10" style="Regular" color="000000" />
    <datatype>text</datatype>
    <initialvalue />
    <private />
    <alwaysinit />
  </stage>
  <stage stageid="a5674559-f878-4d3f-8f75-333590cc6980" name="Email Address" type="Data">
    <subsheetid>59265115-3716-4c72-89d1-754b791d9c7d</subsheetid>
    <narrative>
    </narrative>
    <displayx>-195</displayx>
    <displayy>0</displayy>
    <displaywidth>60</displaywidth>
    <displayheight>30</displayheight>
    <font family="Segoe UI" size="10" style="Regular" color="000000" />
    <datatype>text</datatype>
    <initialvalue />
    <private />
    <alwaysinit />
  </stage>
  <stage stageid="a9b52fca-9b52-4e76-860e-b6f882da76e4" name="Get Email Address of Requester" type="ChoiceStart">
    <subsheetid>59265115-3716-4c72-89d1-754b791d9c7d</subsheetid>
    <narrative>
    </narrative>
    <displayx>15</displayx>
    <displayy>-45</displayy>
    <displaywidth>60</displaywidth>
    <displayheight>30</displayheight>
    <font family="Segoe UI" size="10" style="Regular" color="000000" />
    <groupid>d5c60b4c-03e4-4ee8-bd41-15b0b26d1404</groupid>
    <choices>
      <choice expression="[Requester]=&quot;Henry&quot;">
        <name>Henry?</name>
        <distance>30</distance>
        <ontrue>401590c5-1cce-4ce3-8431-5d1942e61dee</ontrue>
      </choice>
      <choice expression="[Requester]=&quot;Peter&quot;">
        <name>Peter?</name>
        <distance>60</distance>
        <ontrue>d3ca204a-b8cb-4aad-82b0-3b610b364f2a</ontrue>
      </choice>
      <choice expression="[Requester]=&quot;Margaret&quot;">
        <name>Margaret?</name>
        <distance>90</distance>
        <ontrue>b0707c93-fb3a-4ce5-9c1d-f5de244d806e</ontrue>
      </choice>
    </choices>
  </stage>
  <stage stageid="9c6d8df8-dead-4510-b781-8bb5e149c2f3" name="Otherwise1" type="ChoiceEnd">
    <subsheetid>59265115-3716-4c72-89d1-754b791d9c7d</subsheetid>
    <narrative>
    </narrative>
    <displayx>15</displayx>
    <displayy>75</displayy>
    <displaywidth>60</displaywidth>
    <displayheight>30</displayheight>
    <font family="Segoe UI" size="10" style="Regular" color="000000" />
    <onsuccess>dfe88b24-52ea-42a2-9f12-fe2c5aaed331</onsuccess>
    <groupid>d5c60b4c-03e4-4ee8-bd41-15b0b26d1404</groupid>
  </stage>
  <stage stageid="401590c5-1cce-4ce3-8431-5d1942e61dee" name="Set Email Address" type="Calculation">
    <subsheetid>59265115-3716-4c72-89d1-754b791d9c7d</subsheetid>
    <narrative>
    </narrative>
    <displayx>90</displayx>
    <displayy>-15</displayy>
    <displaywidth>60</displaywidth>
    <displayheight>30</displayheight>
    <font family="Segoe UI" size="10" style="Regular" color="000000" />
    <onsuccess>604ae929-79d3-43c0-a380-43e870c656d3</onsuccess>
    <calculation expression="&quot;henry@somewhere.com&quot;" stage="Email Address" />
  </stage>
  <stage stageid="d3ca204a-b8cb-4aad-82b0-3b610b364f2a" name="Set Email Address" type="Calculation">
    <subsheetid>59265115-3716-4c72-89d1-754b791d9c7d</subsheetid>
    <narrative>
    </narrative>
    <displayx>90</displayx>
    <displayy>15</displayy>
    <displaywidth>60</displaywidth>
    <displayheight>30</displayheight>
    <font family="Segoe UI" size="10" style="Regular" color="000000" />
    <onsuccess>9947c01b-7df5-4dbb-9326-ca71a7ff988c</onsuccess>
    <calculation expression="&quot;peter@somewhere.com&quot;" stage="Email Address" />
  </stage>
  <stage stageid="b0707c93-fb3a-4ce5-9c1d-f5de244d806e" name="Set Email Address" type="Calculation">
    <subsheetid>59265115-3716-4c72-89d1-754b791d9c7d</subsheetid>
    <narrative>
    </narrative>
    <displayx>90</displayx>
    <displayy>45</displayy>
    <displaywidth>60</displaywidth>
    <displayheight>30</displayheight>
    <font family="Segoe UI" size="10" style="Regular" color="000000" />
    <onsuccess>8314f8c4-1c37-4644-b7a6-2214067f2862</onsuccess>
    <calculation expression="&quot;margaret@somewhere.com&quot;" stage="Email Address" />
  </stage>
  <stage stageid="dfe88b24-52ea-42a2-9f12-fe2c5aaed331" name="Set Email Address" type="Calculation">
    <subsheetid>59265115-3716-4c72-89d1-754b791d9c7d</subsheetid>
    <narrative>
    </narrative>
    <displayx>90</displayx>
    <displayy>75</displayy>
    <displaywidth>60</displaywidth>
    <displayheight>30</displayheight>
    <font family="Segoe UI" size="10" style="Regular" color="000000" />
    <onsuccess>16aa22b5-b4e6-461d-93cf-ec9ba3510d7e</onsuccess>
    <calculation expression="&quot;admin@somewhere.com&quot;" stage="Email Address" />
  </stage>
  <stage stageid="665a2e70-fca9-4a04-b3ff-354bc1253307" name="Anchor1" type="Anchor">
    <subsheetid>59265115-3716-4c72-89d1-754b791d9c7d</subsheetid>
    <narrative>
    </narrative>
    <displayx>150</displayx>
    <displayy>135</displayy>
    <displaywidth>10</displaywidth>
    <displayheight>10</displayheight>
    <font family="Segoe UI" size="10" style="Regular" color="000000" />
    <onsuccess>54ece7c9-44cb-43fa-ac3e-87b3920d63b7</onsuccess>
  </stage>
  <stage stageid="604ae929-79d3-43c0-a380-43e870c656d3" name="Anchor2" type="Anchor">
    <subsheetid>59265115-3716-4c72-89d1-754b791d9c7d</subsheetid>
    <narrative>
    </narrative>
    <displayx>150</displayx>
    <displayy>-15</displayy>
    <displaywidth>10</displaywidth>
    <displayheight>10</displayheight>
    <font family="Segoe UI" size="10" style="Regular" color="000000" />
    <onsuccess>9947c01b-7df5-4dbb-9326-ca71a7ff988c</onsuccess>
  </stage>
  <stage stageid="9947c01b-7df5-4dbb-9326-ca71a7ff988c" name="Anchor3" type="Anchor">
    <subsheetid>59265115-3716-4c72-89d1-754b791d9c7d</subsheetid>
    <narrative>
    </narrative>
    <displayx>150</displayx>
    <displayy>15</displayy>
    <displaywidth>10</displaywidth>
    <displayheight>10</displayheight>
    <font family="Segoe UI" size="10" style="Regular" color="000000" />
    <onsuccess>8314f8c4-1c37-4644-b7a6-2214067f2862</onsuccess>
  </stage>
  <stage stageid="8314f8c4-1c37-4644-b7a6-2214067f2862" name="Anchor4" type="Anchor">
    <subsheetid>59265115-3716-4c72-89d1-754b791d9c7d</subsheetid>
    <narrative>
    </narrative>
    <displayx>150</displayx>
    <displayy>45</displayy>
    <displaywidth>10</displaywidth>
    <displayheight>10</displayheight>
    <font family="Segoe UI" size="10" style="Regular" color="000000" />
    <onsuccess>16aa22b5-b4e6-461d-93cf-ec9ba3510d7e</onsuccess>
  </stage>
  <stage stageid="16aa22b5-b4e6-461d-93cf-ec9ba3510d7e" name="Anchor5" type="Anchor">
    <subsheetid>59265115-3716-4c72-89d1-754b791d9c7d</subsheetid>
    <narrative>
    </narrative>
    <displayx>150</displayx>
    <displayy>75</displayy>
    <displaywidth>10</displaywidth>
    <displayheight>10</displayheight>
    <font family="Segoe UI" size="10" style="Regular" color="000000" />
    <onsuccess>665a2e70-fca9-4a04-b3ff-354bc1253307</onsuccess>
  </stage>
  <stage stageid="c4c7d559-48ee-41cf-b4a9-882333a2c828" name="Email Template" type="Data">
    <subsheetid>59265115-3716-4c72-89d1-754b791d9c7d</subsheetid>
    <narrative>
    </narrative>
    <displayx>-135</displayx>
    <displayy>0</displayy>
    <displaywidth>60</displaywidth>
    <displayheight>30</displayheight>
    <font family="Segoe UI" size="10" style="Regular" color="000000" />
    <datatype>text</datatype>
    <initialvalue xml:space="preserve">Hi &lt;Requestor&gt;

I have completed adding your items to the cart.

regards
Robot</initialvalue>
    <private />
    <alwaysinit />
  </stage>
  <stage stageid="f63660c7-e085-4794-9b8c-2edc430edad7" name="Email Message" type="Data">
    <subsheetid>59265115-3716-4c72-89d1-754b791d9c7d</subsheetid>
    <narrative>
    </narrative>
    <displayx>-255</displayx>
    <displayy>45</displayy>
    <displaywidth>60</displaywidth>
    <displayheight>30</displayheight>
    <font family="Segoe UI" size="10" style="Regular" color="000000" />
    <datatype>text</datatype>
    <initialvalue />
    <private />
    <alwaysinit />
  </stage>
  <stage stageid="c839341e-3cc6-4961-b39b-68a8e8366d67" name="Prepare Email" type="Calculation">
    <subsheetid>59265115-3716-4c72-89d1-754b791d9c7d</subsheetid>
    <narrative>
    </narrative>
    <displayx>15</displayx>
    <displayy>-90</displayy>
    <displaywidth>60</displaywidth>
    <displayheight>30</displayheight>
    <font family="Segoe UI" size="10" style="Regular" color="000000" />
    <onsuccess>a9b52fca-9b52-4e76-860e-b6f882da76e4</onsuccess>
    <calculation expression="Replace([Email Template], &quot;&lt;Requester&gt;&quot;, [Requester])" stage="Email Message" />
  </stage>
  <stage stageid="8bfe3a4b-da71-4c4e-a0d5-d18f64955510" name="Launch Amazon" type="Action">
    <subsheetid>f0eca982-6110-457f-b0c7-c239185b7064</subsheetid>
    <narrative>
    </narrative>
    <displayx>15</displayx>
    <displayy>45</displayy>
    <displaywidth>60</displaywidth>
    <displayheight>30</displayheight>
    <font family="Segoe UI" size="10" style="Regular" color="000000" />
    <onsuccess>8818eef4-bcd4-48ff-8dcd-def821de2a0f</onsuccess>
    <resource object="Amazon – Search" action="Launch" />
  </stage>
  <stage stageid="d7039223-9541-4d32-8a1b-1059f5686d59" name="Close Amazon" type="Action">
    <subsheetid>f0eca982-6110-457f-b0c7-c239185b7064</subsheetid>
    <narrative>
    </narrative>
    <displayx>15</displayx>
    <displayy>135</displayy>
    <displaywidth>60</displaywidth>
    <displayheight>30</displayheight>
    <font family="Segoe UI" size="10" style="Regular" color="000000" />
    <onsuccess>c5ef1b54-3459-4b50-9a3c-ec719d97c642</onsuccess>
    <resource object="Amazon – Search" action="Terminate" />
  </stage>
</process>