﻿<process name="Weekly purchase of groceries" version="1.0" bpversion="6.3.0.6190" narrative="Visits Amazon to add the items that we need to the shopping cart." byrefcollection="true" preferredid="6c38567d-e823-4555-a4fc-8fb282406a8b">
  <view>
    <camerax>0</camerax>
    <cameray>-25</cameray>
    <zoom version="2">1.25</zoom>
  </view>
  <preconditions />
  <endpoint narrative="" />
  <subsheet subsheetid="f0cc1754-8fa6-4e03-8e70-7bab2d25d1ae" type="Normal" published="False">
    <name>Get List of items to purchase</name>
    <view>
      <camerax>0</camerax>
      <cameray>0</cameray>
      <zoom version="2">1.25</zoom>
    </view>
  </subsheet>
  <subsheet subsheetid="f0eca982-6110-457f-b0c7-c239185b7064" type="Normal" published="False">
    <name>Search and Add Item to Cart</name>
    <view>
      <camerax>0</camerax>
      <cameray>0</cameray>
      <zoom version="2">1.25</zoom>
    </view>
  </subsheet>
  <subsheet subsheetid="59265115-3716-4c72-89d1-754b791d9c7d" type="Normal" published="False">
    <name>Send Email Notification</name>
    <view>
      <camerax>0</camerax>
      <cameray>0</cameray>
      <zoom version="2">1.25</zoom>
    </view>
  </subsheet>
  <stage stageid="44d54158-400c-471c-a9e0-1ab70a499933" name="Start" type="Start">
    <narrative>
    </narrative>
    <displayx>15</displayx>
    <displayy>-135</displayy>
    <displaywidth>60</displaywidth>
    <displayheight>30</displayheight>
    <font family="Segoe UI" size="10" style="Regular" color="000000" />
    <onsuccess>a42ca2a6-e47e-49e0-8dd3-f0852eadf45b</onsuccess>
  </stage>
  <stage stageid="3ba68629-acc9-4783-b9c6-7be79694898a" name="End" type="End">
    <narrative>
    </narrative>
    <displayx>15</displayx>
    <displayy>45</displayy>
    <displaywidth>60</displaywidth>
    <displayheight>30</displayheight>
    <font family="Segoe UI" size="10" style="Regular" color="000000" />
  </stage>
  <stage stageid="17bb0358-2fb1-44e5-858c-6289398cea7d" name="Stage1" type="ProcessInfo">
    <narrative>
    </narrative>
    <displayx>-195</displayx>
    <displayy>-105</displayy>
    <displaywidth>150</displaywidth>
    <displayheight>90</displayheight>
    <font family="Segoe UI" size="10" style="Regular" color="000000" />
  </stage>
  <stage stageid="efb94d37-535e-42c1-ba85-9c7818a8d237" name="Get List of items to purchase" type="SubSheetInfo">
    <subsheetid>f0cc1754-8fa6-4e03-8e70-7bab2d25d1ae</subsheetid>
    <narrative>
    </narrative>
    <displayx>-195</displayx>
    <displayy>-105</displayy>
    <displaywidth>150</displaywidth>
    <displayheight>90</displayheight>
    <font family="Segoe UI" size="10" style="Regular" color="000000" />
  </stage>
  <stage stageid="b41d71c5-6778-45b7-8dee-afc6ed9ff7dd" name="Start" type="Start">
    <subsheetid>f0cc1754-8fa6-4e03-8e70-7bab2d25d1ae</subsheetid>
    <narrative>
    </narrative>
    <displayx>15</displayx>
    <displayy>-105</displayy>
    <displaywidth>60</displaywidth>
    <displayheight>30</displayheight>
    <font family="Segoe UI" size="10" style="Regular" color="000000" />
    <onsuccess>db489e50-579c-406e-aef8-da9431170acc</onsuccess>
  </stage>
  <stage stageid="d7d4f499-d5f8-4d45-b7e3-a0cf813059af" name="End" type="End">
    <subsheetid>f0cc1754-8fa6-4e03-8e70-7bab2d25d1ae</subsheetid>
    <narrative>
    </narrative>
    <displayx>15</displayx>
    <displayy>90</displayy>
    <displaywidth>60</displaywidth>
    <displayheight>30</displayheight>
    <font family="Segoe UI" size="10" style="Regular" color="000000" />
  </stage>
  <stage stageid="a42ca2a6-e47e-49e0-8dd3-f0852eadf45b" name="Get List of items to purchase" type="SubSheet">
    <narrative>
    </narrative>
    <displayx>15</displayx>
    <displayy>-90</displayy>
    <displaywidth>60</displaywidth>
    <displayheight>30</displayheight>
    <font family="Segoe UI" size="10" style="Regular" color="000000" />
    <onsuccess>1f1d8c6f-afe8-4760-b5d2-bc3777effe39</onsuccess>
    <processid>f0cc1754-8fa6-4e03-8e70-7bab2d25d1ae</processid>
  </stage>
  <stage stageid="37c4ebf8-5ef8-4a51-a3cd-23c473e6d9f4" name="Search and Add Item to Cart" type="SubSheetInfo">
    <subsheetid>f0eca982-6110-457f-b0c7-c239185b7064</subsheetid>
    <narrative>
    </narrative>
    <displayx>-195</displayx>
    <displayy>-105</displayy>
    <displaywidth>150</displaywidth>
    <displayheight>90</displayheight>
    <font family="Segoe UI" size="10" style="Regular" color="000000" />
  </stage>
  <stage stageid="03212360-8391-49f9-950c-fe563e282581" name="Start" type="Start">
    <subsheetid>f0eca982-6110-457f-b0c7-c239185b7064</subsheetid>
    <narrative>
    </narrative>
    <displayx>15</displayx>
    <displayy>-105</displayy>
    <displaywidth>60</displaywidth>
    <displayheight>30</displayheight>
    <font family="Segoe UI" size="10" style="Regular" color="000000" />
    <onsuccess>5ef2dad4-5ea7-401a-943f-27d0d612cc94</onsuccess>
  </stage>
  <stage stageid="5ef2dad4-5ea7-401a-943f-27d0d612cc94" name="End" type="End">
    <subsheetid>f0eca982-6110-457f-b0c7-c239185b7064</subsheetid>
    <narrative>
    </narrative>
    <displayx>15</displayx>
    <displayy>90</displayy>
    <displaywidth>60</displaywidth>
    <displayheight>30</displayheight>
    <font family="Segoe UI" size="10" style="Regular" color="000000" />
  </stage>
  <stage stageid="1f1d8c6f-afe8-4760-b5d2-bc3777effe39" name="Search and Add Item to Cart" type="SubSheet">
    <narrative>
    </narrative>
    <displayx>15</displayx>
    <displayy>-45</displayy>
    <displaywidth>60</displaywidth>
    <displayheight>30</displayheight>
    <font family="Segoe UI" size="10" style="Regular" color="000000" />
    <onsuccess>668d7d23-b017-4b4e-a0a0-5e1e7fed917e</onsuccess>
    <processid>f0eca982-6110-457f-b0c7-c239185b7064</processid>
  </stage>
  <stage stageid="3c460cf7-0f12-4d8a-9409-0ac18930bad4" name="Send Email Notification" type="SubSheetInfo">
    <subsheetid>59265115-3716-4c72-89d1-754b791d9c7d</subsheetid>
    <narrative>
    </narrative>
    <displayx>-195</displayx>
    <displayy>-105</displayy>
    <displaywidth>150</displaywidth>
    <displayheight>90</displayheight>
    <font family="Segoe UI" size="10" style="Regular" color="000000" />
  </stage>
  <stage stageid="c0efad0f-44fa-45f5-9fed-3e202dcb2551" name="Start" type="Start">
    <subsheetid>59265115-3716-4c72-89d1-754b791d9c7d</subsheetid>
    <narrative>
    </narrative>
    <displayx>15</displayx>
    <displayy>-105</displayy>
    <displaywidth>60</displaywidth>
    <displayheight>30</displayheight>
    <font family="Segoe UI" size="10" style="Regular" color="000000" />
    <onsuccess>54ece7c9-44cb-43fa-ac3e-87b3920d63b7</onsuccess>
  </stage>
  <stage stageid="54ece7c9-44cb-43fa-ac3e-87b3920d63b7" name="End" type="End">
    <subsheetid>59265115-3716-4c72-89d1-754b791d9c7d</subsheetid>
    <narrative>
    </narrative>
    <displayx>15</displayx>
    <displayy>90</displayy>
    <displaywidth>60</displaywidth>
    <displayheight>30</displayheight>
    <font family="Segoe UI" size="10" style="Regular" color="000000" />
  </stage>
  <stage stageid="668d7d23-b017-4b4e-a0a0-5e1e7fed917e" name="Send Email Notification" type="SubSheet">
    <narrative>
    </narrative>
    <displayx>15</displayx>
    <displayy>0</displayy>
    <displaywidth>60</displaywidth>
    <displayheight>30</displayheight>
    <font family="Segoe UI" size="10" style="Regular" color="000000" />
    <onsuccess>3ba68629-acc9-4783-b9c6-7be79694898a</onsuccess>
    <processid>59265115-3716-4c72-89d1-754b791d9c7d</processid>
  </stage>
  <stage stageid="db489e50-579c-406e-aef8-da9431170acc" name="Note1" type="Note">
    <subsheetid>f0cc1754-8fa6-4e03-8e70-7bab2d25d1ae</subsheetid>
    <narrative>TODO: Add the logic on how to get the list of items to purchase.</narrative>
    <displayx>15</displayx>
    <displayy>-60</displayy>
    <displaywidth>60</displaywidth>
    <displayheight>30</displayheight>
    <font family="Segoe UI" size="10" style="Regular" color="000000" />
    <onsuccess>d7d4f499-d5f8-4d45-b7e3-a0cf813059af</onsuccess>
  </stage>
</process>